,,,TIME:,1-Jan,00:45,to,31-Dec,34,,,,,,
,,,LONGI,TUDE:,1.3E,,,,,,,,,
,,,LATIT,UDE:,6.3N,,,,,,,,,
Column,,01:00,PRECLM,is,PRED[GT=MONTH_REG@MOD],,,,,,,,,
Column,,02:00,PETCLM,is,PETD[GT=MONTH_REG@MOD],,,,,,,,,
Column,,03:00,CLDCLM,is,CLDD[GT=MONTH_REG@MOD],,,,,,,,,
Column,,04:00,DTRCLM,is,DTRD[GT=MONTH_REG@MOD],,,,,,,,,
Column,,05:00,TMPCLM,is,TMPD[GT=MONTH_REG@MOD],,,,,,,,,
Column,,06:00,TMNCLM,is,TMND[GT=MONTH_REG@MOD],,,,,,,,,
Column,,07:00,TMXCLM,is,TMXD[GT=MONTH_REG@MOD],,,,,,,,,
Column,,08:00,VAPCLM,is,VAPD[GT=MONTH_REG@MOD],,,,,,,,,
Column,,09:00,WETCLM,is,WETD[GT=MONTH_REG@MOD],,,,,,,,,
Column,,10:00,FRSCLM,is,FRSD[GT=MONTH_REG@MOD],,,,,,,,,
,,,P,RECLM,PETCLM,CLDCLM,DTRCLM,TMPCLM,TMNCLM,TMXCLM,VAPCLM,WETCLM,FRSCLM,
16-Jan,,,/  1:,13.1,3.757,59.64,9.629,27.2,22.41,32.04,26.58,2.16,0,
15-Feb,,,/  2:,30.4,4.216,58.62,9.396,28.53,23.85,33.25,28.91,3.52,0,
17-Mar,,,/  3:,83.4,4.28,61.3,8.725,28.73,24.39,33.12,29.94,6.58,0,
16-Apr,,,/  4:,121.2,3.967,64.4,8.208,28.28,24.21,32.41,30.42,9.27,0,
16-May,,,/  5:,158.2,3.471,70.12,8.076,27.39,23.37,31.45,29.89,13.28,0,
16-Jun,,,/  6:,216.2,2.814,84.92,7.157,26.18,22.62,29.78,28.65,16.73,0,
16-Jul,,,/  7:,103.1,2.635,89.91,6.084,25.26,22.25,28.33,27.5,11.74,0,
16-Aug,,,/  8:,52.3,2.759,87.46,6.147,25.01,21.96,28.11,27,9.1,0,
15-Sep,,,/  9:,111.1,3.02,82.24,7.041,25.76,22.26,29.3,27.64,11.63,0,
16-Oct,,,/ 10:,130.6,3.327,69.88,7.933,26.51,22.58,30.51,28.74,11.74,0,
15-Nov,,,/ 11:,47.9,3.596,59.36,8.957,27.48,23.03,31.98,29.06,5.45,0,
16-Dec,,,/ 12:,18.4,3.437,59.84,9.325,27.21,22.58,31.9,27.72,2.44,0,
,,,TIME:,31-Dec-59,12:00,to,31-DE,C-2010,12:00,,,,,
,,,LONGI,TUDE:,1.3E,,,,,,,,,
,,,LATIT,UDE:,6.3N,,,,,,,,,
Column,,01:00,PRED i,s,PRE[D=cru_ts4.03.1901.201,,,8.pre.d,"at,X=1.","22,Y=6.","13,T=01",#NAME?,60:31-DEC-2010],
Column,,02:00,PETD i,s,PET[D=cru_ts4.03.1901.201,,,8.pet.d,"at,X=1.","22,Y=6.","13,T=01",#NAME?,60:31-DEC-2010],
Column,,03:00,CLDD i,s,CLD[D=cru_ts4.03.1901.201,,,8.cld.d,"at,X=1.","22,Y=6.","13,T=01",#NAME?,60:31-DEC-2010],
Column,,04:00,DTRD i,s,DTR[D=cru_ts4.03.1901.201,,,8.dtr.d,"at,X=1.","22,Y=6.","13,T=01",#NAME?,60:31-DEC-2010],
Column,,05:00,TMPD i,s,TMP[D=cru_ts4.03.1901.201,,,8.tmp.d,"at,X=1.","22,Y=6.","13,T=01",#NAME?,60:31-DEC-2010],
Column,,06:00,TMND i,s,TMN[D=cru_ts4.03.1901.201,,,8.tmn.d,"at,X=1.","22,Y=6.","13,T=01",#NAME?,60:31-DEC-2010],
Column,,07:00,TMXD i,s,TMX[D=cru_ts4.03.1901.201,,,8.tmx.d,"at,X=1.","22,Y=6.","13,T=01",#NAME?,60:31-DEC-2010],
Column,,08:00,VAPD i,s,VAP[D=cru_ts4.03.1901.201,,,8.vap.d,"at,X=1.","22,Y=6.","13,T=01",#NAME?,60:31-DEC-2010],
Column,,09:00,WETD i,s,WET[D=cru_ts4.03.1901.201,,,8.wet.d,"at,X=1.","22,Y=6.","13,T=01",#NAME?,60:31-DEC-2010],
Column,,10:00,FRSD i,s,FRS[D=cru_ts4.03.1901.201,,,8.frs.d,"at,X=1.","22,Y=6.","13,T=01",#NAME?,60:31-DEC-2010],
Days,Month,Year,zero,outlier,PRED,PETD,CLDD,DTRD,TMPD,TMND,TMXD,VAPD,WETD,FRSD
16,JAN,1960,00 /,709:00:00,20.7,3.7,60,9.7,26.9,22.1,31.8,26.2,4.41,0
15,FEB,1960,00 /,710:00:00,56.7,4.2,58.8,9.5,28.2,23.5,33,28.3,3.17,0
16,MAR,1960,00 /,711:00:00,80.5,4.2,61.3,8.8,28.1,23.7,32.5,28.7,7.68,0
16,APR,1960,00 /,712:00:00,174.3,3.9,65,8.3,27.2,23.1,31.4,28.1,10.73,0
16,MAY,1960,00 /,713:00:00,157.9,3.5,70,8.2,27.2,23.1,31.3,29,12.05,0
16,JUN,1960,00 /,714:00:00,290.6,2.8,85,7.1,25.8,22.3,29.4,27.7,18.7,0
16,JUL,1960,00 /,715:00:00,26.3,2.7,90,6.1,25.2,22.2,28.3,27.1,9.03,0
16,AUG,1960,00 /,716:00:00,49.7,2.9,87.5,6.3,25.2,22.1,28.4,26.7,9.08,0
16,SEP,1960,00 /,717:00:00,131.2,3,82.5,7,25.8,22.3,29.3,27.6,14.21,0
16,OCT,1960,00 /,718:00:00,274.6,3.3,70,7.9,26.2,22.3,30.2,27.8,13.27,0
16,NOV,1960,00 /,719:00:00,44.6,3.6,60,8.9,27.1,22.7,31.6,28,7.34,0
16,DEC,1960,00 /,720:00:00,33,3.4,61.3,9.2,27.2,22.6,31.8,28.1,3.82,0
16,JAN,1961,00 /,721:00:00,4.9,3.6,63.1,9.4,27.2,22.5,31.9,26.8,3.2,0
15,FEB,1961,00 /,722:00:00,2.9,4.4,53.7,10.1,27.8,22.8,32.9,26.8,1.42,0
16,MAR,1961,00 /,723:00:00,76.5,4.6,59.5,9.3,29,24.4,33.7,27.9,5.87,0
16,APR,1961,00 /,724:00:00,146.7,3.9,64.5,8.5,27.6,23.4,31.9,29.6,9.79,0
16,MAY,1961,00 /,725:00:00,157.4,3.5,69.2,8.5,27.3,23.1,31.6,29.8,13.08,0
16,JUN,1961,00 /,726:00:00,338.7,2.7,85.9,6.8,25.6,22.2,29,27.6,18.48,0
16,JUL,1961,00 /,727:00:00,63.4,2.5,93.2,5.4,24.7,22,27.4,26.9,11.11,0
16,AUG,1961,00 /,728:00:00,3.8,2.9,84.7,6.8,24.2,20.8,27.6,25,3.61,0
16,SEP,1961,00 /,729:00:00,113.7,3.1,81.3,7.6,25.2,21.4,29,26.3,11.14,0
16,OCT,1961,00 /,730:00:00,118.3,3.5,68.6,8.5,26.4,22.2,30.7,27.6,11.74,0
16,NOV,1961,00 /,731:00:00,92.1,3.6,60.4,9,27.3,22.8,31.8,28.2,5.72,0
16,DEC,1961,00 /,732:00:00,6.8,3.5,58.4,10.1,26.8,21.8,31.9,26.2,1.12,0
16,JAN,1962,00 /,733:00:00,9.7,3.8,58.3,10,27.2,22.2,32.2,26.9,2,0
15,FEB,1962,00 /,734:00:00,20.1,4.4,54.2,10.3,28.3,23.2,33.5,27.4,2.6,0
16,MAR,1962,00 /,735:00:00,81.2,4.2,61.4,8.8,28.4,24,32.8,29.4,7.83,0
16,APR,1962,00 /,736:00:00,116.3,4,64,8.7,27.9,23.6,32.3,29.3,10.32,0
16,MAY,1962,00 /,737:00:00,217.7,3.4,69.1,8.6,26.8,22.5,31.1,29.1,15.82,0
16,JUN,1962,00 /,738:00:00,514.9,2.6,86,6.9,25.1,21.7,28.6,27.7,22,0
16,JUL,1962,00 /,739:00:00,199.4,2.6,91,5.8,25.1,22.2,28,27.4,13.13,0
16,AUG,1962,00 /,740:00:00,67,2.8,88.2,6.4,24.5,21.3,27.7,25.8,10.68,0
16,SEP,1962,00 /,741:00:00,33.2,3.1,81.4,7.2,25.4,21.8,29,26.5,6.87,0
16,OCT,1962,00 /,742:00:00,173.7,3.3,70.3,8.1,26.3,22.3,30.4,28.4,12.23,0
16,NOV,1962,00 /,743:00:00,116.6,3.3,63.2,8.8,26.8,22.4,31.2,29.9,8.42,0
16,DEC,1962,00 /,744:00:00,37.3,3.4,59.9,9.9,26.8,21.9,31.8,27.2,3.33,0
16,JAN,1963,00 /,745:00:00,18.9,3.3,67.2,9,27.1,22.6,31.6,29,3.13,0
15,FEB,1963,00 /,746:00:00,24.6,3.8,61.1,9.1,28.2,23.7,32.8,31.6,4.95,0
16,MAR,1963,00 /,747:00:00,82.2,4.3,59.7,9.4,28,23.3,32.7,28.8,7.22,0
16,APR,1963,00 /,748:00:00,129.7,3.9,65.6,8.3,27.9,23.8,32.1,30.1,8.87,0
16,MAY,1963,00 /,749:00:00,181.7,3.4,70.8,8.2,27.1,23,31.2,29.6,14.08,0
16,JUN,1963,00 /,750:00:00,236.2,2.9,83.2,7.6,26.4,22.6,30.2,28.5,17.66,0
16,JUL,1963,00 /,751:00:00,188.7,2.7,88.5,6.5,25.7,22.5,29,28,16.48,0
16,AUG,1963,00 /,752:00:00,135.1,2.8,86.6,6.3,25.6,22.5,28.8,28,13.37,0
16,SEP,1963,00 /,753:00:00,158.3,3.2,81.3,7.3,26.5,22.9,30.2,28.5,14.51,0
16,OCT,1963,00 /,754:00:00,149.9,3.4,69.3,8.1,26.5,22.5,30.6,28.6,14.27,0
16,NOV,1963,00 /,755:00:00,29.7,3.7,55.5,10.1,27,22,32.1,28,4.84,0
16,DEC,1963,00 /,756:00:00,15.5,3.5,60.3,9.8,27.4,22.5,32.3,28,2.5,0
16,JAN,1964,00 /,757:00:00,36.1,3.6,60.7,10,26.9,21.9,31.9,26.9,3.64,0
15,FEB,1964,00 /,758:00:00,6.1,4.3,57.2,9.9,28.4,23.5,33.4,28.5,2.82,0
16,MAR,1964,00 /,759:00:00,89.8,4.3,60.7,9.2,28.8,24.2,33.4,30.6,7.79,0
16,APR,1964,00 /,760:00:00,102.5,3.9,64.8,8.6,28,23.7,32.3,30.1,9.41,0
16,MAY,1964,00 /,761:00:00,184.1,3.4,70,8.5,26.7,22.5,31,29,14.5,0
16,JUN,1964,00 /,762:00:00,291.4,2.7,85.8,7,25.7,22.2,29.2,27.9,18.86,0
16,JUL,1964,00 /,763:00:00,48,2.6,90.3,6.2,24.4,21.3,27.5,26,9.63,0
16,AUG,1964,00 /,764:00:00,25.9,2.8,84.6,6.4,24.1,20.9,27.3,25.2,5.83,0
16,SEP,1964,00 /,765:00:00,44.5,3.1,83,7.2,25.2,21.6,28.8,25.8,9.59,0
16,OCT,1964,00 /,766:00:00,89.5,3.4,70.1,7.7,25.9,22.1,29.8,26.9,9.92,0
16,NOV,1964,00 /,767:00:00,32.9,3.5,59.4,9.2,26.8,22.2,31.4,27.8,5.54,0
16,DEC,1964,00 /,768:00:00,45.8,3.2,65.3,8.8,26.8,22.4,31.2,27.7,3.86,0
16,JAN,1965,00 /,769:00:00,56.7,3.5,64.4,9.2,26.7,22.1,31.3,27,2.67,0
15,FEB,1965,00 /,770:00:00,32.2,3.9,60.2,9.5,27.6,22.9,32.4,29.3,5.66,0
16,MAR,1965,00 /,771:00:00,81.2,4.3,59,9.4,28.4,23.7,33.1,29.4,7.39,0
16,APR,1965,00 /,772:00:00,204.8,4,64.3,8.8,27.5,23.1,31.9,28.1,10.4,0
16,MAY,1965,00 /,773:00:00,101,3.5,70,8.6,27,22.7,31.3,28.9,12.91,0
16,JUN,1965,00 /,774:00:00,222.7,2.8,85.6,7.3,25.7,22.1,29.4,27.8,18.9,0
16,JUL,1965,00 /,775:00:00,202.3,2.6,91,5.5,25.1,22.4,27.9,27.3,12.4,0
16,AUG,1965,00 /,776:00:00,70.6,2.8,88.9,5.6,25.1,22.3,27.9,26.7,10.03,0
16,SEP,1965,00 /,777:00:00,81.4,3.1,81.5,7.2,25.7,22.1,29.3,26.8,10.82,0
16,OCT,1965,00 /,778:00:00,81.3,3.4,69.9,7.9,26.6,22.7,30.6,28,9.65,0
16,NOV,1965,00 /,779:00:00,21.3,3.6,60,8.7,27.4,23.1,31.8,28.3,3.95,0
16,DEC,1965,00 /,780:00:00,13.7,3.5,59.5,9.7,26.9,22.1,31.8,26.8,0.82,0
16,JAN,1966,00 /,781:00:00,20,3.7,60,9.7,27,22.2,31.9,27.2,1.29,0
15,FEB,1966,00 /,782:00:00,10.4,4.4,55.2,10,28.3,23.3,33.3,27.2,2.43,0
16,MAR,1966,00 /,783:00:00,130.5,4.3,60.2,8.8,28.8,24.4,33.2,29.9,6.23,0
16,APR,1966,00 /,784:00:00,103.6,4,64.6,8.4,28.2,24,32.4,30.1,9.35,0
16,MAY,1966,00 /,785:00:00,124.4,3.5,70.2,8.2,27.3,23.2,31.4,29.4,14.05,0
16,JUN,1966,00 /,786:00:00,203.1,2.9,83.3,7.7,26.2,22.4,30.1,28.3,17.57,0
16,JUL,1966,00 /,787:00:00,121.3,2.8,88.7,6.3,26,22.9,29.2,27.9,12.06,0
16,AUG,1966,00 /,788:00:00,21.4,2.8,89.1,5.7,25.3,22.5,28.2,27,8.65,0
16,SEP,1966,00 /,789:00:00,94.7,3,83.5,6.6,25.7,22.4,29,27,8.44,0
16,OCT,1966,00 /,790:00:00,107.6,3.4,69.9,7.8,26.5,22.6,30.4,28.3,10.58,0
16,NOV,1966,00 /,791:00:00,45,3.4,65.7,9.1,27.3,22.8,31.9,28.9,5.21,0
16,DEC,1966,00 /,792:00:00,21,3.4,58.9,9.7,27,22.2,31.9,28.7,3.81,0
16,JAN,1967,00 /,793:00:00,0,4,50.2,10.8,26.4,21,31.8,24.7,0.78,0
15,FEB,1967,00 /,794:00:00,15.6,4.2,57.4,9.5,28.5,23.8,33.3,29.1,2.57,0
16,MAR,1967,00 /,795:00:00,110.8,4.2,60.6,9.1,28.1,23.6,32.7,29.2,8.11,0
16,APR,1967,00 /,796:00:00,192.2,3.9,64.9,8.5,27.8,23.6,32.1,30,10.36,0
16,MAY,1967,00 /,797:00:00,136.2,3.4,70.4,8.1,26.9,22.9,31,29.4,12.33,0
16,JUN,1967,00 /,798:00:00,359.2,2.8,85.3,7.2,25.6,22,29.2,27.6,18.7,0
16,JUL,1967,00 /,799:00:00,66.8,2.7,91,5.9,24.9,22,27.9,26.2,9.25,0
16,AUG,1967,00 /,800:00:00,15.9,2.8,88.4,6,24.8,21.8,27.8,26.1,6.97,0
16,SEP,1967,00 /,801:00:00,61.4,3.1,82.1,6.9,25.4,22,28.9,26.6,11.51,0
16,OCT,1967,00 /,802:00:00,79.1,3.3,71.1,7.8,26.3,22.4,30.2,27.7,9.76,0
16,NOV,1967,00 /,803:00:00,59.5,3.6,58.7,9.3,27.1,22.5,31.8,28.3,6.05,0
16,DEC,1967,00 /,804:00:00,29.5,3.2,66.8,9.1,27.1,22.6,31.7,28.6,4.28,0
16,JAN,1968,00 /,805:00:00,5.9,3.6,59.6,9.7,26.4,21.6,31.3,26.2,3.23,0
15,FEB,1968,00 /,806:00:00,42.9,3.9,62.1,8.8,28.3,23.9,32.7,30.2,5.11,0
16,MAR,1968,00 /,807:00:00,88.9,4.1,62.5,8.7,28.2,23.9,32.6,30,6.36,0
16,APR,1968,00 /,808:00:00,133.2,3.8,65.1,8.5,27.6,23.4,31.9,30,9.35,0
16,MAY,1968,00 /,809:00:00,151.6,3.5,70,8.4,27.1,22.9,31.3,29.1,13.53,0
16,JUN,1968,00 /,810:00:00,273.7,2.7,85.5,7.3,25.9,22.3,29.6,28.6,18.7,0
16,JUL,1968,00 /,811:00:00,334,2.7,89.2,5.9,25.6,22.7,28.6,28.1,16.59,0
16,AUG,1968,00 /,812:00:00,222.4,2.8,88.2,5.5,25.9,23.2,28.7,28.6,15.81,0
16,SEP,1968,00 /,813:00:00,268.5,2.9,83.6,6.8,25.6,22.2,29,27.7,14.52,0
16,OCT,1968,00 /,814:00:00,166.8,3.4,68.3,8.2,26.6,22.5,30.7,28.5,12.94,0
16,NOV,1968,00 /,815:00:00,87.5,3.4,62.1,8.6,27.4,23.1,31.7,29.7,4.37,0
16,DEC,1968,00 /,816:00:00,14.7,3.2,64.1,9,27.4,22.9,31.9,29.8,1.74,0
16,JAN,1969,00 /,817:00:00,27.6,3.6,58.7,9.4,27.1,22.4,31.8,28,2.48,0
15,FEB,1969,00 /,818:00:00,45.4,4.1,58.4,9.4,28.8,24.1,33.5,31,3.63,0
16,MAR,1969,00 /,819:00:00,110.8,4.2,61.7,8.9,28.7,24.3,33.2,31.1,6.74,0
16,APR,1969,00 /,820:00:00,101.3,4,65.2,8.7,28.7,24.4,33.1,30.6,8.76,0
16,MAY,1969,00 /,821:00:00,145.5,3.5,70.3,8.8,27.7,23.3,32.1,30,13.82,0
16,JUN,1969,00 /,822:00:00,208.6,2.9,82.8,7,26.6,23.1,30.1,28.8,17.62,0
16,JUL,1969,00 /,823:00:00,83,2.6,91.9,5.4,25.3,22.6,28,27.2,10.61,0
16,AUG,1969,00 /,824:00:00,24.3,2.8,86.7,6,25.2,22.2,28.2,27.1,8.98,0
16,SEP,1969,00 /,825:00:00,61.7,3,83.6,6.6,25.8,22.5,29.1,27.1,9.08,0
16,OCT,1969,00 /,826:00:00,116.7,3.3,69.9,7.6,26.3,22.5,30.1,28.5,12.63,0
16,NOV,1969,00 /,827:00:00,56.8,3.6,58.1,9.2,27.1,22.5,31.7,29,5.95,0
16,DEC,1969,00 /,828:00:00,6.5,3.3,62.7,9,27.9,23.4,32.4,30.1,1.29,0
16,JAN,1970,00 /,829:00:00,13,3.4,65.3,8.3,27.5,23.4,31.7,29.8,3.92,0
15,FEB,1970,00 /,830:00:00,43.1,4.1,61.4,9,29,24.5,33.5,30.8,3.45,0
16,MAR,1970,00 /,831:00:00,101.1,4.2,61.4,8.9,28.7,24.3,33.2,31.2,6.67,0
16,APR,1970,00 /,832:00:00,127.7,4,65,8.4,28.7,24.5,32.9,30.6,8.55,0
16,MAY,1970,00 /,833:00:00,305,3.4,70.4,8.4,27.1,22.9,31.3,29.6,14.79,0
16,JUN,1970,00 /,834:00:00,205.5,3,82.6,7.7,26.4,22.6,30.3,28.6,13.12,0
16,JUL,1970,00 /,835:00:00,56.9,2.6,88.6,6.4,24.7,21.5,27.9,26.7,8.83,0
16,AUG,1970,00 /,836:00:00,14.6,2.7,88.7,6.3,24.7,21.6,27.9,26.3,7.03,0
16,SEP,1970,00 /,837:00:00,67.4,3,83.2,6.9,25.5,22.1,29,27.4,12.77,0
16,OCT,1970,00 /,838:00:00,206.6,3.3,69.7,8.1,26.3,22.3,30.4,28.4,11.89,0
16,NOV,1970,00 /,839:00:00,60.3,3.6,58.4,9.1,27.1,22.6,31.7,28.4,4.43,0
16,DEC,1970,00 /,840:00:00,0.5,3.4,55.8,9.8,26.6,21.7,31.5,27.5,0.54,0
16,JAN,1971,00 /,841:00:00,33.4,3.7,56.6,9.6,26.4,21.6,31.2,26.4,2.46,0
15,FEB,1971,00 /,842:00:00,107,3.7,61,9.2,27.2,22.6,31.8,29.3,4.94,0
16,MAR,1971,00 /,843:00:00,100.4,4,62.5,8.9,27.7,23.3,32.2,29.6,7.03,0
16,APR,1971,00 /,844:00:00,62.4,3.9,65,8.6,27.7,23.4,32,29.4,8.61,0
16,MAY,1971,00 /,845:00:00,144,3.6,68.1,9.5,27.2,22.5,32,28.9,11.84,0
16,JUN,1971,00 /,846:00:00,318,2.8,83.7,7.7,25.4,21.6,29.3,27.7,16.53,0
16,JUL,1971,00 /,847:00:00,115.7,2.7,87.7,6.7,24.5,21.2,27.9,25.8,14.31,0
16,AUG,1971,00 /,848:00:00,58.7,2.5,89.9,5.8,23.9,21,26.8,25.8,9.12,0
16,SEP,1971,00 /,849:00:00,97.8,2.9,81.4,6.9,24.7,21.3,28.2,26.5,10.53,0
16,OCT,1971,00 /,850:00:00,52.4,3.4,68.3,8.4,25.9,21.7,30.1,27.3,8.49,0
16,NOV,1971,00 /,851:00:00,20.1,3.7,55.1,9.2,26.9,22.3,31.5,27.9,4.41,0
16,DEC,1971,00 /,852:00:00,50,3.5,53.8,10,26,21,31,25.9,2.33,0
16,JAN,1972,00 /,853:00:00,20.8,3.6,61.3,9.3,27,22.4,31.7,27.5,2.02,0
15,FEB,1972,00 /,854:00:00,57.7,4,59.8,9.4,27.9,23.2,32.6,29.4,4.93,0
16,MAR,1972,00 /,855:00:00,99,4.1,59.6,9.3,27.6,23,32.3,29.2,7.08,0
16,APR,1972,00 /,856:00:00,148.1,3.8,64.4,8.6,27.1,22.8,31.4,29.4,10.21,0
16,MAY,1972,00 /,857:00:00,109,3.4,70.4,7.9,26.9,23,30.9,29.8,14.12,0
16,JUN,1972,00 /,858:00:00,223.8,2.8,83.5,7.3,25.4,21.8,29.1,27.6,18.2,0
16,JUL,1972,00 /,859:00:00,41.8,2.6,89.6,6,25.1,22.1,28.1,27.5,10.07,0
16,AUG,1972,00 /,860:00:00,23.4,2.8,86.2,6.5,24.5,21.3,27.8,25.9,6.81,0
16,SEP,1972,00 /,861:00:00,58.4,3.1,82.2,7,25.7,22.2,29.2,26.9,9.01,0
16,OCT,1972,00 /,862:00:00,51.3,3.4,69.9,8.1,26.3,22.3,30.4,28.1,10.82,0
16,NOV,1972,00 /,863:00:00,23.2,3.8,54,9.3,27.3,22.7,32,28.3,3.27,0
16,DEC,1972,00 /,864:00:00,16,3.4,60.5,9,27.2,22.7,31.7,28.5,5.55,0
16,JAN,1973,00 /,865:00:00,0.4,3.8,59.2,9.8,27.9,23,32.8,27.6,0.62,0
15,FEB,1973,00 /,866:00:00,13.5,4.2,59.2,9.5,29.2,24.5,34,30.9,1.79,0
16,MAR,1973,00 /,867:00:00,105.5,4.4,59.9,9.4,28.6,23.9,33.3,28.9,6.38,0
16,APR,1973,00 /,868:00:00,51.7,4.1,63.7,8.9,28.5,24.1,33,30.3,8.27,0
16,MAY,1973,00 /,869:00:00,120.3,3.6,68.4,9,27.6,23.1,32.1,29.3,10.89,0
16,JUN,1973,00 /,870:00:00,193.1,2.8,83.6,7.7,26.1,22.3,30,28.8,16.03,0
16,JUL,1973,00 /,871:00:00,140.3,2.7,87.5,6.9,25.4,22,28.9,27.7,8.2,0
16,AUG,1973,00 /,872:00:00,135.8,2.7,85.7,6.4,24.9,21.7,28.1,27.6,11.68,0
16,SEP,1973,00 /,873:00:00,128.5,2.9,82.5,6.9,25.3,21.9,28.8,27.7,13.51,0
16,OCT,1973,00 /,874:00:00,147.8,3.3,68.5,8.5,26.2,22,30.5,28.6,10.7,0
16,NOV,1973,00 /,875:00:00,11.5,3.8,49.9,10.2,26.8,21.7,31.9,27.6,3.01,0
16,DEC,1973,00 /,876:00:00,46.8,3.2,63,9.3,26.6,22,31.3,28.2,2.92,0
16,JAN,1974,00 /,877:00:00,34.4,3.7,60.9,9.7,26.3,21.5,31.2,24.8,3.26,0
15,FEB,1974,00 /,878:00:00,2.8,4.1,56.7,9.4,27.7,23,32.4,28.2,2.43,0
16,MAR,1974,00 /,879:00:00,105.6,4.1,62.1,8.8,28,23.6,32.4,29.6,7.47,0
16,APR,1974,00 /,880:00:00,85.3,3.8,65,8.7,27.5,23.2,31.9,29.6,8.17,0
16,MAY,1974,00 /,881:00:00,178.7,3.4,69.9,7.9,26.5,22.6,30.5,28.8,13.04,0
16,JUN,1974,00 /,882:00:00,293.7,2.8,83.3,7.6,25.5,21.7,29.3,27.9,17.99,0
16,JUL,1974,00 /,883:00:00,146.1,2.7,88.7,6.4,24.6,21.4,27.8,26.1,13.44,0
16,AUG,1974,00 /,884:00:00,43.5,2.8,86.1,6.6,24.6,21.3,27.9,26.4,7.28,0
16,SEP,1974,00 /,885:00:00,141.3,2.8,83.6,6.4,24.7,21.5,27.9,26.9,13.67,0
16,OCT,1974,00 /,886:00:00,94.1,3.2,70.5,7.6,25.6,21.8,29.4,27.6,9.9,0
16,NOV,1974,00 /,887:00:00,33,3.6,58.1,9,26.9,22.4,31.4,28.1,3.84,0
16,DEC,1974,00 /,888:00:00,37.7,3.5,56.9,9.5,26.2,21.5,31,25.7,1.69,0
16,JAN,1975,00 /,889:00:00,0,4.2,43.8,11.3,26.3,20.7,32,23.8,0.06,0
15,FEB,1975,00 /,890:00:00,49.9,4,59.8,9.2,27.4,22.8,32,28.1,4.72,0
16,MAR,1975,00 /,891:00:00,39.3,4.1,62.5,8.5,27.9,23.7,32.2,29.5,6.94,0
16,APR,1975,00 /,892:00:00,168.1,3.8,65,8.8,27.2,22.8,31.6,29.3,10.34,0
16,MAY,1975,00 /,893:00:00,181.5,3.4,69.7,8.1,26.6,22.6,30.7,29,12.2,0
16,JUN,1975,00 /,894:00:00,225.3,2.8,83.4,7.4,25.5,21.8,29.2,27.8,15.97,0
16,JUL,1975,00 /,895:00:00,186.2,2.5,88.8,6.5,24.4,21.2,27.7,26.8,14.62,0
16,AUG,1975,00 /,896:00:00,14.1,2.6,88.8,5.8,23.8,20.9,26.7,25.6,5.7,0
16,SEP,1975,00 /,897:00:00,63.7,2.8,84,6.9,24.4,21,27.9,26,9.16,0
16,OCT,1975,00 /,898:00:00,101.9,3.3,68.5,8.3,25.7,21.6,29.9,27.2,11.56,0
16,NOV,1975,00 /,899:00:00,86.4,3.5,60,8.7,26.7,22.4,31.1,28,4.96,0
16,DEC,1975,00 /,900:00:00,14.1,3.3,57.2,9.5,26.1,21.4,30.9,27.1,5.35,0
16,JAN,1976,00 /,901:00:00,1.3,3.7,56.1,10.4,26.3,21.1,31.5,25.7,0.72,0
15,FEB,1976,00 /,902:00:00,118.7,3.8,60.8,9,27.2,22.7,31.7,28.9,6.07,0
16,MAR,1976,00 /,903:00:00,136.7,3.9,62.2,8.4,27.5,23.3,31.7,29.4,6.67,0
16,APR,1976,00 /,904:00:00,147.8,3.8,65,7.9,27.3,23.4,31.3,29,8.38,0
16,MAY,1976,00 /,905:00:00,123.1,3.4,70.3,8.4,26.8,22.6,31,29,10.78,0
16,JUN,1976,00 /,906:00:00,176.8,2.6,86,6.8,25.1,21.7,28.5,27.5,15.71,0
16,JUL,1976,00 /,907:00:00,14.6,2.6,90.7,5.9,24.5,21.6,27.5,25.7,7.58,0
16,AUG,1976,00 /,908:00:00,34.3,2.8,87.9,6.3,24.1,21,27.3,25.1,5.3,0
16,SEP,1976,00 /,909:00:00,28.6,3.1,80.9,7.3,25.4,21.8,29.1,26.1,9.02,0
16,OCT,1976,00 /,910:00:00,66.5,3,74,6.9,25.3,21.9,28.8,27.4,11.15,0
16,NOV,1976,00 /,911:00:00,45.1,3.2,66.9,8.4,26.2,22,30.4,28.5,7.5,0
16,DEC,1976,00 /,912:00:00,12.4,3.3,62.8,9.3,26.6,22,31.3,27.2,5.09,0
16,JAN,1977,00 /,913:00:00,38.6,3.3,69.4,8.1,27.1,23.1,31.2,28.3,2.11,0
15,FEB,1977,00 /,914:00:00,16.8,4.1,61.4,8.8,28.1,23.7,32.5,28.4,2.27,0
16,MAR,1977,00 /,915:00:00,26.1,4.5,60.3,8.7,28.7,24.4,33.1,28.3,4.57,0
16,APR,1977,00 /,916:00:00,78.3,4.1,65.2,8.3,28.5,24.4,32.7,29.2,7.89,0
16,MAY,1977,00 /,917:00:00,91.8,3.6,70.6,8.2,27.6,23.5,31.7,29.1,12.96,0
16,JUN,1977,00 /,918:00:00,99.6,2.8,86,6.8,25.9,22.5,29.3,27.9,14.63,0
16,JUL,1977,00 /,919:00:00,16.7,2.8,90.5,6.3,25.3,22.2,28.5,26.4,7.81,0
16,AUG,1977,00 /,920:00:00,14.3,2.8,87.8,6.3,24.4,21.3,27.6,25.6,5.6,0
16,SEP,1977,00 /,921:00:00,97.8,3,82.8,7.1,25.6,22.1,29.2,27.1,10.42,0
16,OCT,1977,00 /,922:00:00,153.4,3.3,70.6,7.9,26.3,22.4,30.3,28.1,10.23,0
16,NOV,1977,00 /,923:00:00,26.6,3.7,57.1,9.1,27.4,22.9,32,27.8,2.82,0
16,DEC,1977,00 /,924:00:00,13.2,3.5,59,9.7,26.6,21.8,31.5,26.1,1.87,0
16,JAN,1978,00 /,925:00:00,7.8,3.7,59.6,9.2,27.4,22.8,32,27.4,2.76,0
15,FEB,1978,00 /,926:00:00,46,4.1,60.1,8.7,28.7,24.4,33.1,30.1,4.24,0
16,MAR,1978,00 /,927:00:00,122.3,4,62.5,8.4,27.7,23.5,31.9,29.6,8.17,0
16,APR,1978,00 /,928:00:00,166.3,3.6,66.1,7.6,26.9,23.1,30.7,29.4,11.64,0
16,MAY,1978,00 /,929:00:00,163.7,3.3,70.6,7.6,26.7,22.9,30.5,29.5,14.96,0
16,JUN,1978,00 /,930:00:00,134.2,2.8,84.2,6.8,25.5,22.1,28.9,27.7,16.83,0
16,JUL,1978,00 /,931:00:00,23.7,2.7,89.1,6.9,24.3,20.9,27.8,25.4,8.08,0
16,AUG,1978,00 /,932:00:00,9.8,2.8,86.2,6.9,24.6,21.2,28.1,25.9,4.85,0
16,SEP,1978,00 /,933:00:00,75.3,3,82.4,7.3,25.2,21.6,28.9,26.4,10.59,0
16,OCT,1978,00 /,934:00:00,73.6,3.2,71.1,8.3,25.9,21.8,30.1,28.3,11.01,0
16,NOV,1978,00 /,935:00:00,31.9,3.5,58.3,9.2,26.7,22.1,31.3,28.1,6.14,0
16,DEC,1978,00 /,936:00:00,5,3.2,65.6,8.5,27.2,23,31.5,28.9,2.51,0
16,JAN,1979,00 /,937:00:00,6.2,3.4,68.1,8.2,27.7,23.6,31.8,29.2,3.01,0
15,FEB,1979,00 /,938:00:00,14,4.1,60.3,9.1,28.2,23.7,32.8,29.1,2.27,0
16,MAR,1979,00 /,939:00:00,57.1,4.3,62.3,8.9,28.7,24.3,33.2,29.1,6.11,0
16,APR,1979,00 /,940:00:00,113.5,3.9,65.6,8,28.2,24.2,32.2,30.1,9.19,0
16,MAY,1979,00 /,941:00:00,204.4,3.4,71,8.1,27,23,31.1,29,15.86,0
16,JUN,1979,00 /,942:00:00,247.2,2.5,88.6,6.4,25.4,22.2,28.6,28.4,19.75,0
16,JUL,1979,00 /,943:00:00,134.2,2.5,91,5.7,25,22.2,27.9,27.6,14.38,0
16,AUG,1979,00 /,944:00:00,61.9,2.7,88.6,5.8,25.2,22.3,28.1,27.7,11.09,0
16,SEP,1979,00 /,945:00:00,124.8,3,83.6,7.1,25.7,22.2,29.3,27.8,12.91,0
16,OCT,1979,00 /,946:00:00,174.5,3.2,71.4,7.7,26.4,22.6,30.3,28.9,12.56,0
16,NOV,1979,00 /,947:00:00,57.3,3.3,65.2,8,27.2,23.2,31.2,29.7,7.69,0
16,DEC,1979,00 /,948:00:00,14.9,3.2,63.7,8.3,26.4,22.3,30.6,27.1,1.71,0
16,JAN,1980,00 /,949:00:00,2.2,3.4,67.4,8.5,27.5,23.3,31.8,29.4,1.42,0
15,FEB,1980,00 /,950:00:00,40.3,4,63.4,8.5,28.3,24.1,32.6,29.3,4.27,0
16,MAR,1980,00 /,951:00:00,38.6,4.2,61.8,8.4,28.4,24.2,32.6,29.8,5.04,0
16,APR,1980,00 /,952:00:00,98.9,4,65.1,8,28.5,24.5,32.5,29.9,9.49,0
16,MAY,1980,00 /,953:00:00,200.2,3.3,70.8,7.2,26.8,23.2,30.4,29.6,11.33,0
16,JUN,1980,00 /,954:00:00,163.4,2.7,88.2,6.3,26.2,23.1,29.4,28.9,14.26,0
16,JUL,1980,00 /,955:00:00,50.8,2.6,90.9,5.5,24.9,22.2,27.7,27.1,11.49,0
16,AUG,1980,00 /,956:00:00,101.5,2.7,88.5,5.9,24.8,21.9,27.8,27,12.24,0
16,SEP,1980,00 /,957:00:00,200.2,3,81.9,6.9,25.8,22.4,29.3,28.1,11.52,0
16,OCT,1980,00 /,958:00:00,201.7,3.2,71.1,7.5,26,22.3,29.8,28.5,12.82,0
16,NOV,1980,00 /,959:00:00,55.8,3.4,63.2,8.7,26.9,22.6,31.3,29.1,5.45,0
16,DEC,1980,00 /,960:00:00,5.5,3.4,58.6,10.2,25.8,20.7,30.9,24.5,1.54,0
16,JAN,1981,00 /,961:00:00,1.1,3.8,58.1,10.2,26.9,21.8,32,26.3,1.35,0
15,FEB,1981,00 /,962:00:00,12.6,4.2,61.8,8.7,29,24.7,33.4,29.7,2.86,0
16,MAR,1981,00 /,963:00:00,67.9,4.4,62.1,8.6,29,24.7,33.3,29.5,6.45,0
16,APR,1981,00 /,964:00:00,48.6,4.1,64.8,8.2,28.8,24.7,32.9,30.5,7.74,0
16,MAY,1981,00 /,965:00:00,208.6,3.5,69.1,7.7,27.4,23.6,31.3,29.7,14.53,0
16,JUN,1981,00 /,966:00:00,193,2.9,83.4,7.7,26.6,22.8,30.5,29,16.1,0
16,JUL,1981,00 /,967:00:00,122.3,2.6,92.1,5.3,25.2,22.6,27.9,27.1,10.76,0
16,AUG,1981,00 /,968:00:00,57.1,2.9,88.8,5.9,25.4,22.5,28.4,26.6,9.09,0
16,SEP,1981,00 /,969:00:00,95.5,3.1,82.5,7.2,26.3,22.7,29.9,27.7,11.01,0
16,OCT,1981,00 /,970:00:00,119.2,3.5,69.1,7.9,27.3,23.4,31.3,28.8,11.62,0
16,NOV,1981,00 /,971:00:00,19.3,3.8,57.4,9.5,27.5,22.8,32.3,27.6,3.36,0
16,DEC,1981,00 /,972:00:00,5.7,3.4,63.6,8.9,28.1,23.7,32.6,29.2,1.14,0
16,JAN,1982,00 /,973:00:00,3.5,4.2,56.2,10.9,27.6,22.2,33.1,23.7,0.63,0
15,FEB,1982,00 /,974:00:00,36.1,4.1,62,9.5,28.6,23.9,33.4,28.9,5.16,0
16,MAR,1982,00 /,975:00:00,119.5,4.3,62.6,8.5,28.9,24.7,33.2,29.8,6.57,0
16,APR,1982,00 /,976:00:00,122,4,66,7.9,28.6,24.7,32.6,30.4,8.51,0
16,MAY,1982,00 /,977:00:00,185.2,3.4,71.9,7.8,27.1,23.2,31,29.5,14.48,0
16,JUN,1982,00 /,978:00:00,291,2.8,88.6,5.8,26.5,23.6,29.4,28.6,15.99,0
16,JUL,1982,00 /,979:00:00,141.9,2.6,94.1,5.7,25.2,22.4,28.1,27.1,10.02,0
16,AUG,1982,00 /,980:00:00,18.3,2.8,89.9,5.5,25,22.3,27.8,26,7.26,0
16,SEP,1982,00 /,981:00:00,9.1,3.3,82.7,7,26.4,22.9,29.9,26.8,8.08,0
16,OCT,1982,00 /,982:00:00,108.2,3.4,71.1,7.4,26.8,23.1,30.5,28.1,11.79,0
16,NOV,1982,00 /,983:00:00,62.8,3.6,61.6,8.6,27.3,23,31.6,27.9,4.63,0
16,DEC,1982,00 /,984:00:00,4.1,3.4,62.2,9,27.6,23.1,32.1,27.6,1.44,0
16,JAN,1983,00 /,985:00:00,0,4.4,47.6,11.8,26.4,20.5,32.3,21.3,0.01,0
15,FEB,1983,00 /,986:00:00,11.3,4.6,54.5,10.5,29.1,23.9,34.4,28.2,1.49,0
16,MAR,1983,00 /,987:00:00,8.5,4.8,59,9.1,30,25.5,34.6,29,3.84,0
16,APR,1983,00 /,988:00:00,79.8,4.3,63.9,8.5,29.7,25.5,34,31.1,8.22,0
16,MAY,1983,00 /,989:00:00,194.8,3.6,70.2,7.8,28.3,24.4,32.2,30.5,13.1,0
16,JUN,1983,00 /,990:00:00,216.6,2.8,87,6.4,26.3,23.1,29.5,28.7,17.06,0
16,JUL,1983,00 /,991:00:00,67.8,2.7,90.2,6.1,25.5,22.5,28.6,27.2,6.35,0
16,AUG,1983,00 /,992:00:00,15,2.8,88.1,6.2,25.2,22.1,28.3,26.5,3.74,0
16,SEP,1983,00 /,993:00:00,72.3,3.1,83.4,6.8,26.3,22.9,29.7,27.7,10.92,0
16,OCT,1983,00 /,994:00:00,27.5,3.6,69.9,7.7,27.6,23.8,31.5,28.4,5.75,0
16,NOV,1983,00 /,995:00:00,32,3.7,62.8,8.4,28.2,24,32.4,28.9,3.74,0
16,DEC,1983,00 /,996:00:00,40.5,3.1,70.4,8.2,27.4,23.3,31.5,28.5,4.46,0
16,JAN,1984,00 /,997:00:00,0,3.9,60.6,9.3,28,23.4,32.7,26.6,0.01,0
15,FEB,1984,00 /,998:00:00,4.6,4.6,56.4,10.1,29,24,34.1,26.8,0.92,0
16,MAR,1984,00 /,999:00:00,95.8,4.4,62.2,8.7,29.2,24.9,33.6,30.1,7.91,0
16,APR,1984,00 / 1,000:,127.5,4,65.9,7.6,28.4,24.6,32.2,30,8.84,0
16,MAY,1984,00 / 1,001:,166,3.5,70.3,7.6,27.5,23.7,31.3,29.4,13.55,0
16,JUN,1984,00 / 1,002:,119.1,2.9,83.4,7.6,26.5,22.7,30.3,28.7,15.36,0
16,JUL,1984,00 / 1,003:,87.3,2.9,86.7,7,25.9,22.4,29.4,27.8,11.35,0
16,AUG,1984,00 / 1,004:,54.3,3.1,84.9,7.1,26.1,22.6,29.7,27.8,12.39,0
16,SEP,1984,00 / 1,005:,212.2,3.2,81,7.1,26.2,22.7,29.8,27.6,16.06,0
16,OCT,1984,00 / 1,006:,140.6,3.5,70,8.1,26.9,22.9,31,28.5,11.09,0
16,NOV,1984,00 / 1,007:,20.4,3.6,62.8,8.3,28.1,24,32.3,28.8,4.61,0
16,DEC,1984,00 / 1,008:,11.8,3.5,60.1,9.5,27,22.3,31.8,25.8,2.16,0
16,JAN,1985,00 / 1,009:,19.9,3.8,65.2,9.1,28,23.5,32.6,26.8,3.48,0
15,FEB,1985,00 / 1,010:,4.6,4.6,54.9,10.1,28.7,23.7,33.8,27,3.41,0
16,MAR,1985,00 / 1,011:,104.8,4.3,63.8,8.2,29.1,25,33.2,30.2,4.97,0
16,APR,1985,00 / 1,012:,156.3,4,66,7.8,28.5,24.6,32.4,30.2,7.53,0
16,MAY,1985,00 / 1,013:,198.9,3.4,70.8,7.4,27.1,23.4,30.8,29.3,13.21,0
16,JUN,1985,00 / 1,014:,125.4,2.9,85.2,7.2,26.4,22.8,30,28.1,14.3,0
16,JUL,1985,00 / 1,015:,111.6,2.7,88.5,6.6,25.2,21.9,28.5,27.1,14.24,0
16,AUG,1985,00 / 1,016:,88.8,2.9,87.3,6.4,25.7,22.5,28.9,27.3,11.41,0
16,SEP,1985,00 / 1,017:,124.7,3.1,81.1,7.6,25.9,22.1,29.7,27.2,12.3,0
16,OCT,1985,00 / 1,018:,94.7,3.5,68.2,8.7,26.9,22.6,31.3,28.2,9.54,0
16,NOV,1985,00 / 1,019:,85.9,3.6,63.1,8.4,28.1,23.9,32.3,29.2,4.66,0
16,DEC,1985,00 / 1,020:,2.4,3.6,59.2,9.5,26.6,21.9,31.4,24.1,1.17,0
16,JAN,1986,00 / 1,021:,0.3,3.8,61.3,10.2,27.5,22.4,32.6,26.1,0.43,0
15,FEB,1986,00 / 1,022:,67.6,4.3,59.5,9.5,29,24.3,33.8,29.2,4.99,0
16,MAR,1986,00 / 1,023:,85.4,4.1,63.7,8.1,28.4,24.4,32.5,29.9,7.64,0
16,APR,1986,00 / 1,024:,95.9,4.1,65.4,8.1,28.8,24.8,32.9,30.6,9.08,0
16,MAY,1986,00 / 1,025:,100.8,3.7,68.3,8.5,28,23.8,32.3,29.5,12.81,0
16,JUN,1986,00 / 1,026:,205.2,2.9,86,7.1,26.4,22.9,30,28.1,14.87,0
16,JUL,1986,00 / 1,027:,76.7,2.5,90.6,5.8,24.8,21.9,27.7,27.3,11.53,0
16,AUG,1986,00 / 1,028:,16.9,2.8,88.7,6.7,24.9,21.6,28.3,26.4,5.86,0
16,SEP,1986,00 / 1,029:,63.2,3,83.4,6.7,25.8,22.5,29.2,27.3,11.11,0
16,OCT,1986,00 / 1,030:,177.7,3.4,71,7.5,26.5,22.8,30.3,27.9,11.71,0
16,NOV,1986,00 / 1,031:,15.2,3.4,64.1,8.2,27.2,23.1,31.3,28.5,3.91,0
16,DEC,1986,00 / 1,032:,3,3.6,56.8,9.8,26.8,21.9,31.7,25.1,0.18,0
16,JAN,1987,00 / 1,033:,8.2,3.7,63.8,9,28.2,23.7,32.7,28.4,1.54,0
15,FEB,1987,00 / 1,034:,32.5,4.2,61.3,8.9,29.2,24.8,33.7,29.9,4.27,0
16,MAR,1987,00 / 1,035:,73.9,4.3,61.7,8.4,28.9,24.7,33.1,30.1,7.18,0
16,APR,1987,00 / 1,036:,37.2,4.4,63.9,8.1,30,26,34.1,30.6,7.06,0
16,MAY,1987,00 / 1,037:,74.7,3.8,68.6,8,28.6,24.6,32.6,30.3,12.78,0
16,JUN,1987,00 / 1,038:,134.2,3.1,83.8,7.2,27.3,23.7,30.9,29.1,16.02,0
16,JUL,1987,00 / 1,039:,71.8,2.9,87.8,6.6,26.7,23.4,30,28.7,10.94,0
16,AUG,1987,00 / 1,040:,180.7,2.9,87.6,5.8,26.5,23.6,29.4,28.8,16.81,0
16,SEP,1987,00 / 1,041:,243.1,3.1,83.3,7,26.8,23.3,30.3,29,16.79,0
16,OCT,1987,00 / 1,042:,150.3,3.4,71,7.4,27.3,23.6,31,29.2,12.15,0
16,NOV,1987,00 / 1,043:,13.8,3.9,57.6,8.9,28.7,24.3,33.2,29.6,2.28,0
16,DEC,1987,00 / 1,044:,14,3.6,59.6,9.3,27.7,23.1,32.4,27.2,2.34,0
16,JAN,1988,00 / 1,045:,1.7,4,60.7,10,27.8,22.8,32.8,25.3,3.76,0
15,FEB,1988,00 / 1,046:,19.9,4.3,59.5,9.2,29.3,24.7,33.9,29.2,3.99,0
16,MAR,1988,00 / 1,047:,98.4,4.2,63.6,8.2,29.3,25.2,33.4,31,7.33,0
16,APR,1988,00 / 1,048:,128.4,4,65.5,8.2,28.8,24.7,32.9,30.8,9.75,0
16,MAY,1988,00 / 1,049:,125.6,3.6,70.8,7.6,28.2,24.4,32,30.5,13.54,0
16,JUN,1988,00 / 1,050:,169.8,2.9,84.9,7.1,26.4,22.9,30,28.6,17.83,0
16,JUL,1988,00 / 1,051:,97.8,2.7,90,6.1,25.5,22.5,28.6,27.5,13.11,0
16,AUG,1988,00 / 1,052:,20.2,2.9,86.6,6.3,25.3,22.2,28.5,26.9,7.83,0
16,SEP,1988,00 / 1,053:,211.1,3,83.6,6.8,26.3,22.9,29.7,28.3,12.26,0
16,OCT,1988,00 / 1,054:,79.4,3.5,68.7,7.8,27.4,23.5,31.3,29,11.05,0
16,NOV,1988,00 / 1,055:,37.4,3.7,61,8.7,28.2,23.9,32.6,29.2,4.94,0
16,DEC,1988,00 / 1,056:,65.6,3.4,64.6,8.9,26.9,22.5,31.4,26.3,3.23,0
16,JAN,1989,00 / 1,057:,3.6,4.1,48.6,10.9,26.1,20.7,31.6,22.6,0.01,0
15,FEB,1989,00 / 1,058:,5.5,4.6,54.1,10,28.2,23.2,33.2,25,1.4,0
16,MAR,1989,00 / 1,059:,96.3,4.3,60.6,8.5,28.6,24.4,32.9,29.7,7.32,0
16,APR,1989,00 / 1,060:,146.2,4,65.9,7.7,28.7,24.9,32.6,30.4,9.01,0
16,MAY,1989,00 / 1,061:,186.4,3.6,70,7.8,27.7,23.8,31.6,29.4,12.71,0
16,JUN,1989,00 / 1,062:,274.6,2.9,86.1,6.7,26.6,23.3,30,28.8,19.89,0
16,JUL,1989,00 / 1,063:,109.8,2.6,90.2,6,25.6,22.6,28.6,28,13.13,0
16,AUG,1989,00 / 1,064:,81.7,2.9,86.1,6.6,25.5,22.2,28.8,27.4,11.35,0
16,SEP,1989,00 / 1,065:,121.7,3.1,81.4,7.8,26,22.1,29.9,27.8,11.28,0
16,OCT,1989,00 / 1,066:,159.6,3.4,69.2,8.2,26.7,22.6,30.8,28.7,12.75,0
16,NOV,1989,00 / 1,067:,29.8,3.8,56.8,9.2,28.4,23.8,33,30,3.34,0
16,DEC,1989,00 / 1,068:,7,3.4,63.4,9,27.5,23,32,27.9,0.79,0
16,JAN,1990,00 / 1,069:,10.9,3.6,67.3,8.8,28,23.6,32.4,27.8,1.77,0
15,FEB,1990,00 / 1,070:,33.4,4.5,56.2,10.1,28.5,23.5,33.6,27.2,4.18,0
16,MAR,1990,00 / 1,071:,29.8,4.9,56.6,9.7,29.9,25.1,34.8,29.2,3.55,0
16,APR,1990,00 / 1,072:,148.3,4,65.5,8,28.6,24.6,32.6,30.5,10.47,0
16,MAY,1990,00 / 1,073:,89.4,3.5,70.6,7.6,27.7,23.9,31.5,29.7,10.99,0
16,JUN,1990,00 / 1,074:,122.2,3,84.6,7.5,27.2,23.5,31,29,14.33,0
16,JUL,1990,00 / 1,075:,59.2,2.6,92.1,5.4,25.4,22.7,28.1,27.4,11.81,0
16,AUG,1990,00 / 1,076:,35,3,87.7,6.2,25.6,22.5,28.7,26.6,5.92,0
16,SEP,1990,00 / 1,077:,139,3.1,81.9,7.2,26.2,22.6,29.8,27.8,12.18,0
16,OCT,1990,00 / 1,078:,92.4,3.5,69.9,7.8,27.2,23.3,31.1,28.7,11.39,0
16,NOV,1990,00 / 1,079:,99.3,3.6,63.5,8.5,28.4,24.2,32.7,30,6.09,0
16,DEC,1990,00 / 1,080:,69.2,3.3,66.6,8.9,27.7,23.3,32.2,28.3,5.67,0
16,JAN,1991,00 / 1,081:,5.3,3.7,62.3,8.8,27.4,23,31.8,26.8,2,0
15,FEB,1991,00 / 1,082:,52.2,3.7,63.4,8.4,28.4,24.2,32.6,32.1,4.94,0
16,MAR,1991,00 / 1,083:,59.6,4,62.3,7.9,28.6,24.7,32.6,31.6,6.04,0
16,APR,1991,00 / 1,084:,197.5,3.6,66,7.7,27.4,23.6,31.3,30.7,10.75,0
16,MAY,1991,00 / 1,085:,211.6,3.3,71.6,7.7,27,23.2,30.9,30.5,14.42,0
16,JUN,1991,00 / 1,086:,132.3,2.8,86,7.5,26.5,22.8,30.3,29.6,14.49,0
16,JUL,1991,00 / 1,087:,210.3,2.5,91.9,5.6,25.2,22.4,28,28.2,14.25,0
16,AUG,1991,00 / 1,088:,32.1,2.5,89.6,5.1,24.7,22.2,27.3,27.6,9.3,0
16,SEP,1991,00 / 1,089:,91.4,2.9,83.5,6.9,25.8,22.4,29.3,28.4,11.56,0
16,OCT,1991,00 / 1,090:,145.1,3.1,72.2,7.4,25.6,21.9,29.3,28.4,11.55,0
16,NOV,1991,00 / 1,091:,14.6,3.4,63.2,8.2,27.1,23,31.2,28.9,2.57,0
16,DEC,1991,00 / 1,092:,2.2,3.3,63.5,9,26.6,22.1,31.1,27,2.39,0
16,JAN,1992,00 / 1,093:,0,3.9,57.8,10.1,26.1,21.1,31.2,22.4,0.01,0
15,FEB,1992,00 / 1,094:,1.6,4.5,54.5,10,28.3,23.3,33.3,26.7,0.96,0
16,MAR,1992,00 / 1,095:,31.9,4.4,62.3,8.4,29,24.8,33.2,29,5.23,0
16,APR,1992,00 / 1,096:,128.9,4,65.9,7.6,28.8,25,32.6,30.6,9.74,0
16,MAY,1992,00 / 1,097:,214.9,3.4,70.1,8.1,27.2,23.2,31.3,30.4,14.27,0
16,JUN,1992,00 / 1,098:,109.7,2.7,87.1,7.2,25.7,22.1,29.3,28.5,14.66,0
16,JUL,1992,00 / 1,099:,18.6,2.4,91.9,6,24.7,21.7,27.7,27.4,9.04,0
16,AUG,1992,00 / 1,100:00:00,8.7,2.7,87.8,5.9,24.4,21.5,27.4,26.4,4.28,0
16,SEP,1992,00 / 1,101:00:00,139.1,2.9,83.6,6.6,25.1,21.8,28.4,27.1,12.59,0
16,OCT,1992,00 / 1,102:00:00,91.8,3.3,70,8.3,26.2,22.1,30.4,28.8,8.48,0
16,NOV,1992,00 / 1,103:00:00,30.8,3.6,59.2,9.7,26.8,22,31.7,27.7,5.64,0
16,DEC,1992,00 / 1,104:00:00,8.3,3.5,61.9,9.3,27.6,23,32.3,27.1,2.02,0
16,JAN,1993,00 / 1,105:00:00,0.9,4.1,51.4,11.3,26.5,20.9,32.2,23.3,0.01,0
15,FEB,1993,00 / 1,106:00:00,39,4.1,62.7,9.6,28.4,23.6,33.2,28.6,3.88,0
16,MAR,1993,00 / 1,107:00:00,141.7,4.1,59.2,9.4,27.7,23,32.4,29.3,6.26,0
16,APR,1993,00 / 1,108:00:00,108.2,4,63.3,8.8,28.2,23.8,32.6,30.2,7.95,0
16,MAY,1993,00 / 1,109:00:00,147.7,3.5,68.7,8.4,27.4,23.2,31.6,30.4,8.06,0
16,JUN,1993,00 / 1,110:00:00,199.9,2.8,84.8,7.1,26.1,22.6,29.7,28.8,16.83,0
16,JUL,1993,00 / 1,111:00:00,69.7,2.6,90.9,6.3,24.8,21.7,28,27,11.11,0
16,AUG,1993,00 / 1,112:00:00,17.3,2.7,87.7,6.3,25,21.9,28.2,27.2,9.37,0
16,SEP,1993,00 / 1,113:00:00,106.6,3,82.5,7.8,25.6,21.7,29.5,27.8,13.65,0
16,OCT,1993,00 / 1,114:00:00,127.1,3.3,68.6,8.5,26.7,22.5,31,29.8,11.64,0
16,NOV,1993,00 / 1,115:00:00,70.7,3.3,62.5,9.5,27.6,22.9,32.4,32.2,6.18,0
16,DEC,1993,00 / 1,116:00:00,30.3,3.3,62.5,9.6,27.1,22.3,31.9,27.9,5.2,0
16,JAN,1994,00 / 1,117:00:00,8.9,3.6,65.1,8.3,27.1,23,31.3,26.4,2.08,0
15,FEB,1994,00 / 1,118:00:00,54.9,4.2,59.8,8.9,28.5,24.1,33,28.9,3.15,0
16,MAR,1994,00 / 1,119:00:00,70.4,4.1,62.6,8.1,28.6,24.6,32.7,30.8,6.23,0
16,APR,1994,00 / 1,120:00:00,83.5,3.7,66,7.6,27.9,24.1,31.7,31.3,9.42,0
16,MAY,1994,00 / 1,121:00:00,160.5,3.4,69.7,7.9,27.1,23.2,31.1,30.4,13.26,0
16,JUN,1994,00 / 1,122:00:00,196.6,2.7,86.7,7.6,26.1,22.3,29.9,29,14.06,0
16,JUL,1994,00 / 1,123:00:00,30.5,2.5,90.9,5.9,24.9,22,27.9,27.8,9.09,0
16,AUG,1994,00 / 1,124:00:00,18.9,2.6,88.7,5.6,24.8,22,27.6,27.3,8.4,0
16,SEP,1994,00 / 1,125:00:00,53.2,2.8,84.4,6.9,25.6,22.2,29.1,28.3,12.75,0
16,OCT,1994,00 / 1,126:00:00,198.3,3.2,70.6,8.4,26.1,21.9,30.3,29.3,14.78,0
16,NOV,1994,00 / 1,127:00:00,40.6,3.6,57.6,9.6,27.1,22.3,31.9,28.3,5.82,0
16,DEC,1994,00 / 1,128:00:00,0,3.7,51,9.3,26.4,21.8,31.1,24.5,0.01,0
16,JAN,1995,00 / 1,129:00:00,0,3.9,58.1,11.4,27.1,21.4,32.8,25.3,1.09,0
15,FEB,1995,00 / 1,130:00:00,12.1,4.5,55.9,10.2,28.5,23.4,33.6,27,2.94,0
16,MAR,1995,00 / 1,131:00:00,136.7,3.9,62.5,8.4,28.2,24,32.4,31.2,6.68,0
16,APR,1995,00 / 1,132:00:00,167.9,3.9,64.2,8.3,28.3,24.2,32.5,31.7,9.97,0
16,MAY,1995,00 / 1,133:00:00,108.2,3.5,68.9,8.3,27.4,23.3,31.6,30.5,14.45,0
16,JUN,1995,00 / 1,134:00:00,216.3,2.8,84.1,7.3,26.3,22.7,30,29.4,18.1,0
16,JUL,1995,00 / 1,135:00:00,80.7,2.5,90.2,6.1,25.3,22.3,28.4,28.4,13.25,0
16,AUG,1995,00 / 1,136:00:00,78.3,2.6,88.1,6,25.2,22.2,28.2,28.3,14.44,0
16,SEP,1995,00 / 1,137:00:00,108,2.9,82.5,7.4,25.7,22,29.4,28.3,11.88,0
16,OCT,1995,00 / 1,138:00:00,86.4,3.2,70.4,8.1,26.3,22.3,30.4,29.4,9.85,0
16,NOV,1995,00 / 1,139:00:00,36.7,3.6,58.7,10,27.3,22.3,32.3,28.5,6.46,0
16,DEC,1995,00 / 1,140:00:00,16,3.4,58.1,9.8,27.3,22.4,32.2,29.6,4.14,0
16,JAN,1996,00 / 1,141:00:00,4.5,3.9,52.8,8.1,27.7,23.7,31.8,27.9,2.19,0
15,FEB,1996,00 / 1,142:00:00,62.4,4.3,45.5,8.6,28.4,24.1,32.7,31,4.58,0
16,MAR,1996,00 / 1,143:00:00,111.9,4.3,55,8.3,28.5,24.4,32.7,30.9,7.35,0
16,APR,1996,00 / 1,144:00:00,176.3,4,63.9,8,28.1,24.1,32.1,30,9.22,0
16,MAY,1996,00 / 1,145:00:00,147,3.2,76.4,8.2,27.4,23.3,31.5,30.7,9.02,0
16,JUN,1996,00 / 1,146:00:00,171.6,2.7,85,7,26.2,22.7,29.7,29.3,17.17,0
16,JUL,1996,00 / 1,147:00:00,151.3,2.7,87.6,6.9,25.3,21.9,28.8,28.1,13.54,0
16,AUG,1996,00 / 1,148:00:00,64.3,2.5,89.9,6.3,24.8,21.7,28,27.7,12.62,0
16,SEP,1996,00 / 1,149:00:00,26.6,2.8,85.7,6.9,25.1,21.7,28.6,27.7,6.13,0
16,OCT,1996,00 / 1,150:00:00,86.6,3.3,68.7,8.1,26.2,22.2,30.3,28.6,9.1,0
16,NOV,1996,00 / 1,151:00:00,3.7,3.7,58.9,9.1,27.5,23,32.1,27.5,2.17,0
16,DEC,1996,00 / 1,152:00:00,8.2,3.7,50,9.3,27.4,22.8,32.1,28.3,1.75,0
16,JAN,1997,00 / 1,153:00:00,12,3.9,52.4,9.2,27.7,23.1,32.3,28.4,3.42,0
15,FEB,1997,00 / 1,154:00:00,3.6,4.9,47.9,11.5,28.3,22.6,34.1,25.1,1.98,0
16,MAR,1997,00 / 1,155:00:00,143.3,4.1,66.7,8.3,28.1,24,32.3,28.5,7.84,0
16,APR,1997,00 / 1,156:00:00,109.5,3.7,66.1,7.6,27.5,23.7,31.3,30.5,11.21,0
16,MAY,1997,00 / 1,157:00:00,147.8,3.3,68.5,8,26.8,22.8,30.8,30.2,13.1,0
16,JUN,1997,00 / 1,158:00:00,242,2.6,87.2,6.8,25.8,22.4,29.2,29,19.09,0
16,JUL,1997,00 / 1,159:00:00,86.6,2.4,95.1,6.3,24.9,21.8,28.1,27.4,9.83,0
16,AUG,1997,00 / 1,160:00:00,35.3,2.5,93.3,6.8,24.9,21.5,28.3,27.3,10.38,0
16,SEP,1997,00 / 1,161:00:00,99.5,3.3,74.6,7.9,26.3,22.4,30.3,28.8,11.2,0
16,OCT,1997,00 / 1,162:00:00,243.4,3.2,70.1,8.5,26.7,22.5,31,30.4,13.72,0
16,NOV,1997,00 / 1,163:00:00,55.1,3.4,62.5,8.6,27.6,23.3,31.9,30.7,4.03,0
16,DEC,1997,00 / 1,164:00:00,35.3,3.6,52.1,8.6,27.4,23.1,31.7,28.7,4.09,0
16,JAN,1998,00 / 1,165:00:00,10.9,3.8,60.9,10.1,27.2,22.2,32.3,25.4,1.72,0
15,FEB,1998,00 / 1,166:00:00,30.7,4.5,52.1,9.8,29.3,24.4,34.2,29.8,3.22,0
16,MAR,1998,00 / 1,167:00:00,24.6,4.7,63.3,9.1,30,25.5,34.6,28.9,3.19,0
16,APR,1998,00 / 1,168:00:00,93.8,4.2,60.8,8,29.6,25.6,33.6,32.2,8.57,0
16,MAY,1998,00 / 1,169:00:00,176.1,3.6,65.5,7.9,28.2,24.3,32.2,31.8,13.72,0
16,JUN,1998,00 / 1,170:00:00,145.7,3.1,74.7,7.9,26.8,22.9,30.8,29.9,12.71,0
16,JUL,1998,00 / 1,171:00:00,52.2,2.4,96.1,5.5,25.5,22.8,28.3,28.5,7.81,0
16,AUG,1998,00 / 1,172:00:00,37.9,2.8,82.9,6.5,24.9,21.7,28.2,27.3,6.61,0
16,SEP,1998,00 / 1,173:00:00,90.2,3,80.4,7.2,25.8,22.2,29.4,28.5,9.35,0
16,OCT,1998,00 / 1,174:00:00,151.5,3.3,65.6,8.3,26.6,22.5,30.8,30.3,13.35,0
16,NOV,1998,00 / 1,175:00:00,48.8,3.7,58.6,9.1,28,23.5,32.6,30.1,6.1,0
16,DEC,1998,00 / 1,176:00:00,6.4,3.3,65.1,9.6,27.5,22.7,32.3,28.6,3.65,0
16,JAN,1999,00 / 1,177:00:00,33.2,3.8,52.4,8.9,27.5,23.1,32,28.7,4.88,0
15,FEB,1999,00 / 1,178:00:00,53.1,4.4,46.5,9.2,28.1,23.5,32.7,28.7,9.15,0
16,MAR,1999,00 / 1,179:00:00,80.2,4.2,51.3,8.8,28.3,23.9,32.7,32,7.27,0
16,APR,1999,00 / 1,180:00:00,125.3,3.8,67.4,8.5,28,23.8,32.3,30.4,9.45,0
16,MAY,1999,00 / 1,181:00:00,98.6,3.6,65.8,8.4,27.5,23.3,31.7,29.8,12.04,0
16,JUN,1999,00 / 1,182:00:00,166,3,83.9,7.7,26.7,22.9,30.6,28.8,18.99,0
16,JUL,1999,00 / 1,183:00:00,175.1,2.3,97.9,6.5,25.3,22.1,28.6,28.4,16.96,0
16,AUG,1999,00 / 1,184:00:00,98.1,2.8,80.5,6.5,24.8,21.6,28.1,27.4,10.63,0
16,SEP,1999,00 / 1,185:00:00,114.2,2.8,85.5,6.9,25.2,21.8,28.7,27.7,7.8,0
16,OCT,1999,00 / 1,186:00:00,161.2,3,73.8,7.8,25.9,22,29.8,29.1,15.93,0
16,NOV,1999,00 / 1,187:00:00,43.4,3.5,61.1,9.2,27.6,23,32.2,29.5,9.63,0
16,DEC,1999,00 / 1,188:00:00,10.6,3.6,58.8,10.1,27.5,22.5,32.6,27,2.7,0
16,JAN,2000,00 / 1,189:00:00,4.1,4,56.2,9.6,28.1,23.3,32.9,27.6,1.31,0
15,FEB,2000,00 / 1,190:00:00,2.7,4.6,58.1,10,28.1,23.1,33.1,24,0.16,0
16,MAR,2000,00 / 1,191:00:00,90,4.7,54.7,9.2,29.2,24.6,33.8,29.3,4.44,0
16,APR,2000,00 / 1,192:00:00,98,4.2,58.5,8.7,28.6,24.3,33,31.4,9.13,0
16,MAY,2000,00 / 1,193:00:00,117.4,3.8,62.6,8.7,27.9,23.6,32.3,30.3,12.09,0
16,JUN,2000,00 / 1,194:00:00,156.3,2.9,82.3,7.5,26.3,22.6,30.1,29.1,14.43,0
16,JUL,2000,00 / 1,195:00:00,87.8,2.6,89.6,6.3,25.3,22.2,28.5,27.7,11.62,0
16,AUG,2000,00 / 1,196:00:00,57.6,2.7,84.2,5.8,24.7,21.8,27.6,27.2,13,0
16,SEP,2000,00 / 1,197:00:00,123.8,3.1,79.5,7.9,25.8,21.9,29.8,28.2,14.47,0
16,OCT,2000,00 / 1,198:00:00,98.7,3.4,65.2,8.8,26.5,22.1,30.9,29.1,8.21,0
16,NOV,2000,00 / 1,199:00:00,15.4,3.8,54.4,9.5,27.9,23.2,32.7,29.2,3.04,0
16,DEC,2000,00 / 1,200:00:00,5.5,3.7,54.8,10.6,27.7,22.4,33,26.6,0.08,0
16,JAN,2001,00 / 1,201:00:00,15.6,4.1,44.6,9.8,27.4,22.5,32.3,27.5,2.24,0
15,FEB,2001,00 / 1,202:00:00,3.2,4.7,52.9,10.1,28.6,23.6,33.7,26.1,2.18,0
16,MAR,2001,00 / 1,203:00:00,41.7,4.6,53.7,8.8,29.3,24.9,33.7,30.3,7.05,0
16,APR,2001,00 / 1,204:00:00,151.8,4.1,61.4,8.3,28.4,24.3,32.6,30.5,8.65,0
16,MAY,2001,00 / 1,205:00:00,158,3.5,70,8.1,27.7,23.7,31.8,30.3,13.2,0
16,JUN,2001,00 / 1,206:00:00,182.8,2.9,81.5,7,26.2,22.7,29.7,28.9,18.6,0
16,JUL,2001,00 / 1,207:00:00,46.9,2.4,96.9,6.1,25.5,22.5,28.6,28.1,10.5,0
16,AUG,2001,00 / 1,208:00:00,20.2,2.4,97.1,6.2,24.9,21.8,28,27.4,5.26,0
16,SEP,2001,00 / 1,209:00:00,127.6,3,80.6,7,25.7,22.2,29.2,27.9,15.97,0
16,OCT,2001,00 / 1,210:00:00,54.6,3.6,67.2,7.9,27,23.1,31,28.3,7.79,0
16,NOV,2001,00 / 1,211:00:00,16,3.8,60,8.9,28.3,23.9,32.8,29,6.49,0
16,DEC,2001,00 / 1,212:00:00,4.6,3.8,50.2,9.3,28.2,23.6,32.9,28.2,1.76,0
16,JAN,2002,00 / 1,213:00:00,32.9,3.5,68.6,9.6,27.2,22.4,32,26.4,6.1,0
15,FEB,2002,00 / 1,214:00:00,11.5,4.5,50,9.4,28.4,23.7,33.1,27.8,1.63,0
16,MAR,2002,00 / 1,215:00:00,73.2,4.4,58.4,8.8,29.1,24.7,33.5,31.1,8.71,0
16,APR,2002,00 / 1,216:00:00,147.3,3.9,65,8.3,28.5,24.4,32.7,31.6,11.72,0
16,MAY,2002,00 / 1,217:00:00,127.5,3.7,65.4,8.1,28,24,32.1,30.6,12.95,0
16,JUN,2002,00 / 1,218:00:00,320,3,80,7.2,26.7,23.1,30.3,29.1,15.42,0
16,JUL,2002,00 / 1,219:00:00,110.8,2.5,95.4,6.1,26,23,29.1,28.8,17.2,0
16,AUG,2002,00 / 1,220:00:00,52.1,2.8,85.7,6.2,25.4,22.3,28.5,27.7,9.35,0
16,SEP,2002,00 / 1,221:00:00,53.6,3.2,76.1,6.9,25.9,22.5,29.4,28,9.27,0
16,OCT,2002,00 / 1,222:00:00,179.4,3.2,72.9,7.9,26.3,22.4,30.3,29.1,15.49,0
16,NOV,2002,00 / 1,223:00:00,43.4,3.6,59.5,8.7,28,23.7,32.4,30,4.93,0
16,DEC,2002,00 / 1,224:00:00,2.3,3.8,50.3,9.9,27.7,22.8,32.7,27.3,1.34,0
16,JAN,2003,00 / 1,225:00:00,37.3,3.8,56.7,9.6,27.8,23,32.6,28,5.07,0
15,FEB,2003,00 / 1,226:00:00,27.8,4.2,58.5,8.9,29.3,24.9,33.8,31.7,5.11,0
16,MAR,2003,00 / 1,227:00:00,40.8,4.6,62.6,8.9,29.5,25.1,34,29.1,3.19,0
16,APR,2003,00 / 1,228:00:00,162.5,3.8,63.7,7.8,28.1,24.2,32,31.3,10.36,0
16,MAY,2003,00 / 1,229:00:00,111.9,3.7,66.1,8.1,28.1,24.1,32.2,30.4,9.78,0
16,JUN,2003,00 / 1,230:00:00,237.9,2.6,90.4,6.8,26.2,22.8,29.6,29.5,17.47,0
16,JUL,2003,00 / 1,231:00:00,73.4,2.8,80.7,6.6,25.4,22.1,28.7,28.1,9.57,0
16,AUG,2003,00 / 1,232:00:00,59.3,2.9,82.3,6.4,25.3,22.1,28.5,27.9,9.01,0
16,SEP,2003,00 / 1,233:00:00,145.1,3.1,78.6,6.8,26.1,22.7,29.5,28.5,13.24,0
16,OCT,2003,00 / 1,234:00:00,174.8,3.5,65.4,7.7,27.3,23.5,31.2,30.7,16.82,0
16,NOV,2003,00 / 1,235:00:00,73.5,3.6,58.2,9.4,27.9,23.2,32.6,31,8.55,0
16,DEC,2003,00 / 1,236:00:00,15.4,3.5,60.8,8.9,27.7,23.3,32.2,28.1,1.23,0
16,JAN,2004,00 / 1,237:00:00,29.6,3.6,61.9,8.7,27.8,23.5,32.2,28.9,4.39,0
15,FEB,2004,00 / 1,238:00:00,26,4.1,63.6,8.8,28.7,24.3,33.1,29.3,3.37,0
16,MAR,2004,00 / 1,239:00:00,28.6,4.2,69.1,8.1,29.1,25.1,33.2,29.2,5.6,0
16,APR,2004,00 / 1,240:00:00,94.2,3.8,66.7,7.5,28.3,24.6,32.1,31.8,8.08,0
16,MAY,2004,00 / 1,241:00:00,189.1,3.1,78.1,6.9,27.2,23.8,30.7,30.7,15.71,0
16,JUN,2004,00 / 1,242:00:00,144.8,2.7,88.2,7,26.1,22.6,29.6,28.9,12.04,0
16,JUL,2004,00 / 1,243:00:00,98,2.8,83.5,5.7,25.3,22.5,28.2,27.8,12.32,0
16,AUG,2004,00 / 1,244:00:00,46,2.7,86.6,5.9,25.2,22.3,28.2,27.9,11.18,0
16,SEP,2004,00 / 1,245:00:00,187.1,3.1,78.6,7.2,26.2,22.6,29.8,28.4,14.24,0
16,OCT,2004,00 / 1,246:00:00,198.7,3.3,68.4,8.1,26.8,22.8,30.9,30,14.64,0
16,NOV,2004,00 / 1,247:00:00,46.7,3.5,57.6,8.3,27.9,23.8,32.1,31.5,8.57,0
16,DEC,2004,00 / 1,248:00:00,6.6,3.4,57.4,8.2,28.1,24,32.2,31.8,1.06,0
16,JAN,2005,00 / 1,249:00:00,1.3,3.6,71.2,9.9,27.1,22.2,32.1,25.5,0.41,0
15,FEB,2005,00 / 1,250:00:00,35.3,3.9,66.9,8.3,29.7,25.6,33.9,32.7,6.63,0
16,MAR,2005,00 / 1,251:00:00,152,4.2,59.4,8.2,29.6,25.5,33.7,33.4,9.6,0
16,APR,2005,00 / 1,252:00:00,71,4.1,61.9,7.8,29.1,25.2,33,32.3,7.92,0
16,MAY,2005,00 / 1,253:00:00,165.3,3.5,69.5,7.5,27.7,24,31.5,30.6,15.1,0
16,JUN,2005,00 / 1,254:00:00,194.9,2.6,91.1,6.4,26.3,23.1,29.5,29.4,14.44,0
16,JUL,2005,00 / 1,255:00:00,78.7,2.6,88.5,5.8,25.5,22.6,28.4,28.3,9.8,0
16,AUG,2005,00 / 1,256:00:00,42.1,2.8,86.6,6.1,25.1,22.1,28.2,27.1,5.96,0
16,SEP,2005,00 / 1,257:00:00,79.9,3.1,81.3,6.7,26.5,23.2,29.9,28.6,9.37,0
16,OCT,2005,00 / 1,258:00:00,124.4,3.4,68.9,7.9,27,23.1,31,29.4,13.17,0
16,NOV,2005,00 / 1,259:00:00,61.4,3.9,52.1,8.6,28.4,24.1,32.7,30.1,5.34,0
16,DEC,2005,00 / 1,260:00:00,15.4,3.5,60.2,9,28.3,23.8,32.8,29.7,3.52,0
16,JAN,2006,00 / 1,261:00:00,20.5,3.5,56.4,8.4,27.8,23.6,32,31.7,3.13,0
15,FEB,2006,00 / 1,262:00:00,11.3,3.9,63.3,8.6,29.2,24.9,33.5,31.9,3.03,0
16,MAR,2006,00 / 1,263:00:00,72.4,4.3,61.2,8.5,29,24.8,33.3,30.8,7.28,0
16,APR,2006,00 / 1,264:00:00,68,4.4,57.5,8.3,29.5,25.4,33.7,31,9.28,0
16,MAY,2006,00 / 1,265:00:00,229.4,3.3,73.9,7.8,27.2,23.3,31.1,30.2,17.48,0
16,JUN,2006,00 / 1,266:00:00,169.6,3.2,77.3,7.9,27.2,23.3,31.2,29.5,14.75,0
16,JUL,2006,00 / 1,267:00:00,66.1,2.9,83.9,6.2,26.3,23.2,29.4,28.6,11.77,0
16,AUG,2006,00 / 1,268:00:00,36.3,2.7,89.3,6.1,25.4,22.4,28.5,27.6,7.51,0
16,SEP,2006,00 / 1,269:00:00,144.4,2.9,84.4,6.6,26.1,22.8,29.4,28.4,14.48,0
16,OCT,2006,00 / 1,270:00:00,135.2,3.3,71.9,7.8,27.2,23.3,31.1,30.2,15.01,0
16,NOV,2006,00 / 1,271:00:00,56.7,3.8,54.3,8.5,27.4,23.2,31.7,27.6,6.11,0
16,DEC,2006,00 / 1,272:00:00,0.7,3.5,58.9,9.3,27.4,22.8,32.1,27.4,0.08,0
16,JAN,2007,00 / 1,273:00:00,0.4,3.9,66.2,10.1,26.9,21.9,32,22.8,0.06,0
15,FEB,2007,00 / 1,274:00:00,17.6,4.2,63.2,9.5,29.2,24.5,34,29.8,3.27,0
16,MAR,2007,00 / 1,275:00:00,75.4,4.5,61.5,8.7,29.6,25.3,34,29.7,6.99,0
16,APR,2007,00 / 1,276:00:00,105.7,4,60.6,8.1,28.5,24.5,32.6,32.2,8.76,0
16,MAY,2007,00 / 1,277:00:00,186.3,3.4,72.8,7.9,27.7,23.8,31.7,31.1,14.82,0
16,JUN,2007,00 / 1,278:00:00,214.2,2.7,87.2,7,26.4,22.9,29.9,29.3,17.47,0
16,JUL,2007,00 / 1,279:00:00,172.9,2.8,88,6,25.9,22.9,28.9,28.2,14.74,0
16,AUG,2007,00 / 1,280:00:00,78.6,2.7,87.5,6,25.3,22.3,28.3,27.8,14.36,0
16,SEP,2007,00 / 1,281:00:00,155.1,3.1,79.8,6.8,26.3,22.9,29.7,28.7,16.38,0
16,OCT,2007,00 / 1,282:00:00,160.9,3.3,71,7.7,27,23.2,30.9,29.5,15.47,0
16,NOV,2007,00 / 1,283:00:00,72.9,3.4,62.2,8.9,27.8,23.4,32.3,32.3,12.2,0
16,DEC,2007,00 / 1,284:00:00,35.9,3.3,67.7,9.3,27.9,23.3,32.6,28.6,1.28,0
16,JAN,2008,00 / 1,285:00:00,5.1,3.6,69.6,9.7,25.8,21,30.7,22.6,2.24,0
15,FEB,2008,00 / 1,286:00:00,28.4,3.6,86.5,9.5,28.3,23.6,33.1,26.7,2.77,0
16,MAR,2008,00 / 1,287:00:00,90.2,4.3,61.4,8.9,29,24.6,33.5,30.5,9.53,0
16,APR,2008,00 / 1,288:00:00,121.6,4,66.4,8.3,28.8,24.7,33,30.7,10.17,0
16,MAY,2008,00 / 1,289:00:00,180,3.3,78.4,8.1,27.5,23.5,31.6,29.9,15.96,0
16,JUN,2008,00 / 1,290:00:00,244,2.8,85.1,7.2,26.4,22.8,30,29.2,18.72,0
16,JUL,2008,00 / 1,291:00:00,176.7,2.7,87.3,5.9,25.6,22.7,28.6,28.5,17.38,0
16,AUG,2008,00 / 1,292:00:00,56,2.8,84.3,6,25.2,22.2,28.2,27.8,10.05,0
16,SEP,2008,00 / 1,293:00:00,140.2,2.8,89,6.9,26.2,22.8,29.7,28.8,13.11,0
16,OCT,2008,00 / 1,294:00:00,121.2,3.3,68.8,7.8,27,23.1,30.9,30.2,13.85,0
16,NOV,2008,00 / 1,295:00:00,80.4,3.7,57.1,9.1,27.9,23.4,32.5,30,6.03,0
16,DEC,2008,00 / 1,296:00:00,32.5,3.4,62,9,28.1,23.6,32.6,29.6,3.23,0
16,JAN,2009,00 / 1,297:00:00,16.6,3.8,62.5,9.9,27.8,22.9,32.8,26.9,2.05,0
15,FEB,2009,00 / 1,298:00:00,36.4,3.9,62.7,8.6,29.2,24.9,33.5,32.1,2.98,0
16,MAR,2009,00 / 1,299:00:00,54.1,4.1,67.1,8.8,29.3,24.9,33.7,31.6,5.17,0
16,APR,2009,00 / 1,300:00:00,162.8,3.9,62.8,8,28.1,24.1,32.1,31,10.73,0
16,MAY,2009,00 / 1,301:00:00,143.3,3.6,67.5,8.2,27.9,23.8,32,30.8,12.9,0
16,JUN,2009,00 / 1,302:00:00,271.5,2.8,86,7.4,26.7,23,30.4,29.8,19.54,0
16,JUL,2009,00 / 1,303:00:00,138.5,2.8,85.8,5.7,25.8,23,28.7,28.5,12.61,0
16,AUG,2009,00 / 1,304:00:00,45.4,2.6,89.2,5.4,25.2,22.5,27.9,28.1,8.06,0
16,SEP,2009,00 / 1,305:00:00,49,3.1,81.6,6.9,26.3,22.9,29.8,28.6,6.97,0
16,OCT,2009,00 / 1,306:00:00,108.5,3.1,72.4,7,26.8,23.3,30.3,30.4,9.12,0
16,NOV,2009,00 / 1,307:00:00,57.6,3.7,54,8.8,27.8,23.4,32.2,30,7.15,0
16,DEC,2009,00 / 1,308:00:00,17.5,3.6,52.4,9.5,28.2,23.5,33,30.7,1.96,0
16,JAN,2010,00 / 1,309:00:00,20,4,55,10.1,28.5,23.5,33.6,29.2,3.58,0
15,FEB,2010,00 / 1,310:00:00,46.2,4.5,53.4,8.8,30,25.6,34.4,31.2,5.1,0
16,MAR,2010,00 / 1,311:00:00,92.7,4.1,72.3,8.4,30.1,25.9,34.3,32.2,5.66,0
16,APR,2010,00 / 1,312:00:00,66.3,4.2,60.2,8.2,29.4,25.3,33.5,32.6,7.48,0
16,MAY,2010,00 / 1,313:00:00,139.2,3.3,75.7,7.4,28.3,24.6,32,32.1,14.18,0
16,JUN,2010,00 / 1,314:00:00,237.6,2.8,87.9,6.8,27.1,23.7,30.5,30.4,16.35,0
16,JUL,2010,00 / 1,315:00:00,128.5,2.9,83.1,6,25.9,22.9,28.9,28.5,14.09,0
16,AUG,2010,00 / 1,316:00:00,65.2,2.8,86.1,6.1,25.7,22.7,28.8,28.5,13.06,0
16,SEP,2010,00 / 1,317:00:00,205.6,2.8,85.6,6.6,26,22.7,29.3,28.8,13.12,0
16,OCT,2010,00 / 1,318:00:00,182,3.2,72.6,7.2,26.9,23.3,30.5,30.3,13.56,0
16,NOV,2010,00 / 1,319:00:00,122.1,3.7,55.7,8.6,28.1,23.8,32.4,30.9,8.31,0
16,DEC,2010,00 / 1,320:00:00,21.2,3.6,53.3,9.6,27.8,23,32.6,29.3,2.9,0
