"","Harare","Huye","Iringa","Johanesburg","Jos","Kamembe","Kayonza","Kigali","Koulikoro","Lagos"
"16-JAN-1960",77.4,128.8,208.2,83,0,46.6,41.3,103,0,21.5
"15-FEB-1960",176.3,141.3,113.7,70.7,0,120.3,77.2,91.6,0.7,54.9
"16-MAR-1960",32.1,163.7,171.9,75.6,4.8,118.4,82.5,91.5,21.7,56.7
"16-APR-1960",81.5,201.6,76.6,78.7,169.8,164.6,139.6,146.1,149.9,234.8
"16-MAY-1960",35.5,31.1,3.5,5.7,100.2,145.3,110.8,39.6,176.9,197
"16-JUN-1960",6.9,3,0.7,2.3,193.1,128,64.2,4.7,191.8,287.4
"16-JUL-1960",0,0.6,0.4,1.2,262.8,118.5,60,2,293.7,56.3
"16-AUG-1960",0,9.9,0,9.4,251.8,203.3,201,29.2,252.4,78.1
"16-SEP-1960",1.7,74.8,8.7,2.2,247.5,113.1,127.5,67.3,325.3,165.8
"16-OCT-1960",26.8,113,3.5,60.9,31.2,222.1,167.8,99.1,201.6,211.7
"16-NOV-1960",77.8,142.2,5.6,145.1,0,105.3,104.9,92.2,28.4,52
"16-DEC-1960",216.1,95.5,34.1,135.1,0,68.9,40.1,79.5,0,39.3
"16-JAN-1961",147.3,81.6,71.7,94.8,0,53.7,12.4,59.3,0,17.8
"15-FEB-1961",150.3,140.9,156.3,75.1,0,60.6,44.6,84,0.7,2.2
"16-MAR-1961",103.1,152.5,88.1,75.6,0,106.5,89.3,112.5,3,123
"16-APR-1961",84.2,141.6,80.6,115,46.5,183.2,130.3,131.2,98.2,189.5
"16-MAY-1961",8.9,81.5,14.5,45.1,69,160.1,106.3,81.6,113.6,146.2
"16-JUN-1961",8.1,5.1,0.7,9.6,176.2,189.7,134.6,7.1,208.4,393.4
"16-JUL-1961",1.8,3.4,3.5,0.6,258.6,201.4,129.6,6.7,290.1,157.5
"16-AUG-1961",1.7,6.4,0.8,0.1,159.5,223.3,173.6,21.7,212.3,2.7
"16-SEP-1961",7.9,68.7,2.9,18.4,218.7,201,202.5,102,312.8,91.3
"16-OCT-1961",30.8,180.6,36.2,54.5,28.3,253.9,230.9,150.2,117.1,197.5
"16-NOV-1961",178.3,294.6,87.3,98.1,0,285.2,387.5,255.2,0.3,57.9
"16-DEC-1961",74.8,149.8,296.6,104.4,0,68.3,48.8,125.2,0,17.5
"16-JAN-1962",208.9,153.5,197.3,65.4,0,48.5,42.5,100.8,0,4.2
"15-FEB-1962",138.4,113.1,114.8,114.1,0,38.8,10.4,52.8,5.1,15.7
"16-MAR-1962",65.8,161.5,152.5,60.6,56.7,150.8,110.8,85.8,46.7,150.7
"16-APR-1962",60.7,153.4,87.4,66.7,80,163.7,176.1,98,109.2,118.7
"16-MAY-1962",1.1,169.5,12.7,0.4,115.1,193,162.3,131.8,170.1,250
"16-JUN-1962",0,29.2,0.1,0.3,229.5,186.4,113.5,30.1,242.8,407.9
"16-JUL-1962",0,2.2,0.4,0,183.1,100.1,66.3,3.7,198.9,279.5
"16-AUG-1962",0.1,84.8,5.6,2.8,289.2,155.4,164.6,56.8,273.3,187.5
"16-SEP-1962",0.7,97.2,2.2,12.6,323.7,259.7,208.7,115.9,321.5,46.7
"16-OCT-1962",1.4,213,18.1,27.4,150.9,242.9,199.6,180.5,151.7,164
"16-NOV-1962",139.7,173.3,8.6,169.4,0,126.2,129.9,140.3,54.1,97.9
"16-DEC-1962",358.7,131.5,105.2,59.9,0,75.5,59.5,114,0,24.1
"16-JAN-1963",175.8,151.5,174.9,110,0,105.5,92.6,117.6,0,23.4
"15-FEB-1963",342.2,126.3,117.2,39.6,1.2,116,82,100.6,8.7,28.5
"16-MAR-1963",70.8,197.7,171.4,42.5,20.4,160.2,125.3,109.3,31.5,66.7
"16-APR-1963",53.2,246.2,98.9,72.1,92.7,235.6,212.4,214.8,185,203.7
"16-MAY-1963",0,226.5,3.2,16.2,100.5,259.7,148.7,207.3,151,211.7
"16-JUN-1963",1.1,22.9,2,44.1,175.9,143.3,68.8,31.3,181.8,254.9
"16-JUL-1963",0,4.1,0.5,8.8,247.9,134,79.6,8.5,193.4,388
"16-AUG-1963",0,8.7,0.3,0,321.7,154.2,94.9,27.3,395.5,292.6
"16-SEP-1963",0,67.3,0.2,3.9,194.4,101.6,72.7,66.3,259.2,220
"16-OCT-1963",92.6,85.7,4.5,60.6,161.3,129.9,119,57.9,235.2,158.1
"16-NOV-1963",53.8,196.1,99.1,146.5,0,178.5,216.6,158,1.8,57.3
"16-DEC-1963",115.4,206.1,170.9,80.1,0,89.8,76.6,202,0,16.8
"16-JAN-1964",176.2,87.6,158.8,139,0,24.4,16.9,63.6,0,0.7
"15-FEB-1964",139.9,157.4,192.9,65.2,0,64.9,51.7,123.6,0.6,43.8
"16-MAR-1964",11,148.3,225.9,71.6,17.7,137.2,107.6,113.7,98.4,91.1
"16-APR-1964",7.1,251.3,65.8,40.5,63.5,183.8,149.5,206.7,177,151.9
"16-MAY-1964",9.3,43,5.2,7.4,119.4,143.3,73.1,40.5,176.8,252.2
"16-JUN-1964",1.2,27.8,0.2,13.4,178,135.3,63.5,30.5,196.9,367.6
"16-JUL-1964",0,15.7,0.3,0,253.3,131.5,93.8,28.1,271.3,118.8
"16-AUG-1964",3.5,23.5,1,3.4,260.5,199.6,192.6,34.8,163.6,44.5
"16-SEP-1964",0,36.4,0.3,14.8,283.6,187.4,173.3,75.5,341.8,65
"16-OCT-1964",27.2,127.7,4.9,140.8,57.6,228.7,213.7,102.8,169,127.4
"16-NOV-1964",77.8,151,3.5,35.9,0,68.7,59.7,111.9,14,25.1
"16-DEC-1964",301.8,130.4,95,125.2,0,98.5,86.7,99,0,15.7
"16-JAN-1965",258.4,72.2,131.1,84.8,0,26.1,20.6,27.3,0,21
"15-FEB-1965",94.4,101.1,149.8,63.3,3.9,53.4,22.5,59.1,3.6,42.7
"16-MAR-1965",35.3,214.9,124.1,28.8,8.8,143,119.9,140.2,21,130.7
"16-APR-1965",1.7,205.6,75.7,85.7,74.9,146.3,122.9,161,147.7,195.7
"16-MAY-1965",0.6,92.3,4.9,3.4,88.4,151.5,96.4,70.5,136,172.9
"16-JUN-1965",0,6.8,0.1,0.8,236.8,75.8,50.7,9.2,216.7,343
"16-JUL-1965",0,0.5,0.3,11.5,243.6,111.1,72.1,1.3,288.8,405.7
"16-AUG-1965",0,18.7,2.3,0.4,219.9,147.3,124,27.2,302.1,141.1
"16-SEP-1965",16.4,105.7,10.3,3.4,181.1,137.4,127.3,89.3,239.7,245.7
"16-OCT-1965",37.4,132.4,12.3,17.8,45.7,237.7,250.5,87.6,125.1,135.6
"16-NOV-1965",146.2,172.3,22.5,56.8,0,134.9,178,110.7,0.1,48.8
"16-DEC-1965",117.6,119.7,222.8,64.7,0,72.4,76.5,88.1,0,14.1
"16-JAN-1966",96.4,126,115.5,96.6,0,44.1,39.8,71.8,0,7.8
"15-FEB-1966",318,155.7,141.5,144.3,0,76.1,67.4,116.9,0.1,19.4
"16-MAR-1966",74.1,201.2,182.7,16.2,9.7,166.5,102.8,138,18.8,89.6
"16-APR-1966",72.7,211.7,79.4,33.5,134.9,204.3,196.9,129.6,170.4,125.8
"16-MAY-1966",27.4,48.4,11.8,15.5,156.9,100,44.1,47.6,208.2,239.7
"16-JUN-1966",4.8,19.2,1.2,7,217.9,117,50.3,15.1,203.8,272.9
"16-JUL-1966",0,0,0.2,0,162.8,149.1,97.6,0.9,180.8,200.2
"16-AUG-1966",1,54.3,1.1,1.7,278.5,220.7,131.2,64.2,311.8,55.5
"16-SEP-1966",4.4,81.2,10.2,13.1,283.7,161.9,185.5,89.7,250.6,103.7
"16-OCT-1966",2.2,103.1,7.4,115.5,68.5,170.5,158.6,86.5,152.3,181.9
"16-NOV-1966",68.6,163.2,52.6,74.3,0,108,112,132.1,6.8,59.6
"16-DEC-1966",113.3,94.4,79,146.4,0,27.9,16,62,0,14.9
"16-JAN-1967",204.9,95.2,112.7,197.8,0,20.2,8.4,36.2,0,11.1
"15-FEB-1967",195.5,85.7,94.3,111.3,0,27.7,9.5,31.2,5.4,11.9
"16-MAR-1967",123.1,145.6,141.1,159.5,6.2,75.9,40,103.4,7.1,78.3
"16-APR-1967",19.7,172.4,149.2,91.8,98.7,159.3,136.3,150.1,129.9,125.9
"16-MAY-1967",20.6,174,44.2,17.6,99.1,139.6,89.4,140.7,158.5,133.2
"16-JUN-1967",6.6,28.3,1.8,0,171.1,159.6,96.8,27.7,209.8,308.8
"16-JUL-1967",0.9,7.1,2,0.1,252,133.7,81.1,5.6,286.5,257.1
"16-AUG-1967",20.9,5.9,2.3,19.1,229.2,123.7,93.5,8.6,235.7,17.3
"16-SEP-1967",5.6,133.4,10.2,3.2,255.6,124.6,119.1,76.6,249.7,84.5
"16-OCT-1967",27.6,133.9,10.6,55.6,44.4,263.2,235.2,129.3,125.6,162.1
"16-NOV-1967",57.9,229.8,65.9,109.6,0,157.1,193.1,164.7,7.6,50.2
"16-DEC-1967",92.6,141.9,360.6,91.8,0,51.1,22.9,100.9,0,17.5
"16-JAN-1968",140.4,115.8,142.2,72.4,0,12.8,10.2,56.3,0,5
"15-FEB-1968",120.1,230.3,163.7,67.4,0.5,96.5,74.8,160.3,2.3,59.3
"16-MAR-1968",23.1,201.4,219.4,120,30,127.3,86.1,144.7,24.7,52.8
"16-APR-1968",45,192.7,165,72.7,149.6,173.2,127,156.9,108.5,183.1
"16-MAY-1968",3.3,110.9,12.1,19.5,161.9,112.3,102.4,85.8,181.6,144.6
"16-JUN-1968",0.6,40.4,2.1,0.3,206.7,141.7,72.3,63.9,189.4,345.7
"16-JUL-1968",0,5.7,0.1,0,268.1,126.8,68.9,8.3,245.7,576.4
"16-AUG-1968",0.9,2,1.2,11,286.6,126.9,111.8,6.9,308,428.2
"16-SEP-1968",0.6,58,4.5,1.3,148.6,125,123.4,69.6,293.8,392.1
"16-OCT-1968",1.5,142.2,3.9,24.8,35.8,186.5,176.7,93.5,117.1,210
"16-NOV-1968",134.8,171.5,41.6,91.6,0,104,106.3,135.3,7.5,41.6
"16-DEC-1968",187.3,116.2,129,68.8,0,143.1,115.3,64.4,0,12.1
"16-JAN-1969",223.4,160.6,93.7,55,0,82.4,89.1,102.2,0,18.4
"15-FEB-1969",64.3,163.8,125.2,75.1,0,113,83.2,153.7,12,19.6
"16-MAR-1969",138.3,148.6,100.5,139.1,15.4,145.5,102.8,97.6,84.4,135.9
"16-APR-1969",77.7,130.7,80.8,50.1,93.3,114.9,88.2,112.3,101.6,139.1
"16-MAY-1969",5,124.3,10.9,66.4,112.9,170.8,137,132.2,138.3,228.3
"16-JUN-1969",0,7.1,0.4,0,167.5,88.7,43.1,3,200.4,316.8
"16-JUL-1969",0,0.1,0.3,0.3,314.8,115.1,74,1.5,287.1,239.3
"16-AUG-1969",4.9,10.9,1,3.3,280.9,150.5,90.7,14.9,357,110.7
"16-SEP-1969",7.1,46.4,0.8,17.4,237.6,143.6,130.7,56.2,250.4,56.9
"16-OCT-1969",103.4,113.2,5.9,141,145.8,170.3,170.8,75.1,163,179.9
"16-NOV-1969",36.3,157,37.1,99.4,0,107.8,135.1,109.3,13.6,40.2
"16-DEC-1969",318.5,88.2,52,140.8,0,67.2,47.6,57.9,0,3.8
"16-JAN-1970",97.8,158.5,239.7,80.3,0,72.9,52.8,105,0,59.5
"15-FEB-1970",52.7,122.9,143.1,64.3,0,43.9,30.9,66.4,0.2,13.2
"16-MAR-1970",31.7,221.5,167.3,37,32.8,177.9,133.7,161.4,14.5,62.9
"16-APR-1970",80.5,246.5,42.2,44.7,25.5,155.6,161.9,173.7,101.3,132.1
"16-MAY-1970",0,85.1,4.6,21.7,120.8,154.4,139.1,76.8,173.1,250.5
"16-JUN-1970",1.7,8,0.1,4.4,121.7,164.7,84.9,6.4,211.5,264.7
"16-JUL-1970",0,8.8,0.1,7.9,185.8,155.6,106.6,10.4,193.9,177.1
"16-AUG-1970",0,29.5,1,1.9,336.3,230.5,168.4,45.4,310.8,19.7
"16-SEP-1970",8.9,53.7,7.3,20.6,247.8,171.8,130.9,63.9,227.6,232.8
"16-OCT-1970",12.7,111.2,1.6,65.7,43,175.7,136.6,76.3,99.8,240.2
"16-NOV-1970",259.4,147.7,7.5,77.6,0,45.8,50.9,112.6,0.1,48.8
"16-DEC-1970",126.4,121.4,158.1,106,0,22.4,14.9,65.9,0,0
"16-JAN-1971",164.5,104.1,101,165.5,0,18.3,17.6,85.2,0,37.5
"15-FEB-1971",131.8,115.4,108.3,80.6,0.3,31.6,15.1,62.9,10,64
"16-MAR-1971",44.4,157,118.6,75.1,16.5,109.6,73.8,111.4,29.3,70.9
"16-APR-1971",49.1,200,88.4,156.8,24,147,133.2,167.6,77.3,74.3
"16-MAY-1971",47.5,149.9,10.2,30.3,153.5,148.6,107.6,119.3,84.5,137.1
"16-JUN-1971",0.7,6.3,0.6,11.9,148.9,116.8,72.9,8.1,211.1,173.6
"16-JUL-1971",0,11,1.2,0.3,291.1,159.1,126.3,23.1,320.6,213.6
"16-AUG-1971",0,43.8,0.2,0,262.5,190,158,53,309.3,32.5
"16-SEP-1971",10,56.7,0.8,38.4,248.1,177.1,154.1,62.5,219.2,201.7
"16-OCT-1971",29.5,101.6,12.9,60.3,34,140.1,134.1,85.7,82.8,69.6
"16-NOV-1971",123.1,162.2,28.4,149.7,0,117.1,112.6,124.9,0.1,26.5
"16-DEC-1971",134.2,117.7,128.3,106.6,0,14.5,4.3,83.1,0,27.2
"16-JAN-1972",293.1,110.8,113.4,173.5,0,70.2,41.5,97.5,0,22.4
"15-FEB-1972",175,158.9,145.9,46.8,0.2,51.9,55.7,112.7,2.7,48.7
"16-MAR-1972",104.5,135,173.3,77.9,21.4,104.6,72.2,93.4,33,73.4
"16-APR-1972",69.7,111.9,80.4,29.7,68,149.3,160.9,113.6,137.7,149.4
"16-MAY-1972",18.4,116.4,21.9,9.2,214.9,125.8,137.1,125.4,182.8,185.4
"16-JUN-1972",0,61.7,0,3.5,146.9,173.4,92.1,88.7,179.4,311.6
"16-JUL-1972",2.4,0.3,0.3,0,203.5,113.1,67.6,0.2,219.7,51
"16-AUG-1972",0,30,5.6,3.5,333.8,204.3,164.3,41.7,283.3,31.9
"16-SEP-1972",20.4,66.4,11.9,7.1,159.4,162.1,163,68.2,239.7,117.5
"16-OCT-1972",18.4,133.3,12.8,64.2,52.8,214.9,187.3,90.6,162.2,69.4
"16-NOV-1972",101.8,201.3,59.5,108.2,0,156.9,198.4,150.4,0.6,11.7
"16-DEC-1972",70.7,120.7,131.1,79.5,0,30.9,41,99.7,0,19.5
"16-JAN-1973",150.7,113.1,170.9,90.2,0,37.5,24.5,55,0,10.5
"15-FEB-1973",60.1,115.3,121.2,39.3,0,68,34.9,91.6,7.9,29.3
"16-MAR-1973",56.6,108.4,100.8,93.9,10.1,69.7,37.5,97.9,18.2,84.9
"16-APR-1973",23.2,167.2,85.1,77.9,43.2,138.8,121.6,134.1,111.9,105.2
"16-MAY-1973",1.7,152.9,12.5,0.5,61,153.2,117.1,131.3,117.7,130.8
"16-JUN-1973",0,8.6,0.3,0,139.5,77.9,30.1,9.8,256.2,176.5
"16-JUL-1973",0.5,1.5,0.7,0,204.6,77.5,46.9,0.6,276.4,83.3
"16-AUG-1973",0.6,17.3,0.3,10.8,252.9,168.9,133.3,28.4,246.7,158.8
"16-SEP-1973",1.4,160.5,0.1,58.1,226.4,206.1,226.2,155.8,275,243.6
"16-OCT-1973",37.6,118.1,3.3,69.9,20.7,183.6,196.8,86.3,111.7,164.4
"16-NOV-1973",230,181.6,25.8,90.6,0,108.5,186.8,157.7,1.3,31
"16-DEC-1973",303.1,97,95.9,110.9,0,19.8,17.5,80.7,0,36
"16-JAN-1974",225.9,101.3,134.7,139.7,0,38.7,31.9,60.9,0,49.6
"15-FEB-1974",290,91,46.9,100.7,0,54.1,36.2,47.7,7.6,26.3
"16-MAR-1974",156,183,103.5,72.9,18,173.2,150.4,139.9,12.6,129.7
"16-APR-1974",17.5,209.3,143.7,98.8,60.9,111.7,95.2,140.1,142.8,114.9
"16-MAY-1974",28.3,139,52,7.2,116.6,209.2,146.9,74.5,139.3,183.1
"16-JUN-1974",0.9,55.6,1.1,0.7,153.2,229,134.5,70.3,133.2,238.6
"16-JUL-1974",8.8,16.2,2.9,1.2,279.7,173.3,119.7,35.7,265.5,217.6
"16-AUG-1974",8.2,12.4,1.2,0.8,245.9,203.4,169.7,21.2,230.8,36.7
"16-SEP-1974",3.2,68.4,1.8,13.7,263.7,197.2,168,67.6,278.8,209.9
"16-OCT-1974",10.8,75.8,9.7,58.8,70.7,136,140.9,65,195.7,97
"16-NOV-1974",182,139.5,10.1,135.3,0,81.4,105.8,112.1,19.2,13.3
"16-DEC-1974",249.9,101.1,66.8,124.8,0,22.9,19,84.8,0,1.9
"16-JAN-1975",143.1,103.1,139.2,178.6,0,36.2,26.7,53.6,0,0.9
"15-FEB-1975",291.5,111.2,79.8,133.9,2.4,88.7,61.7,54.7,1.6,73.4
"16-MAR-1975",39.6,142.5,141.5,71.8,13.4,125.1,121.9,109.9,111.1,40.4
"16-APR-1975",58.7,173.1,84.4,97.5,114.3,172.7,174.9,149.8,114.7,215.7
"16-MAY-1975",0,112.2,17.4,18.8,142.2,195.4,159.5,78.1,154.6,147.1
"16-JUN-1975",0.5,7.6,0.3,3.1,171.7,124.9,92.4,6.8,177.9,161.3
"16-JUL-1975",0,21.6,0.2,0.4,289.6,167.1,129.2,39.1,261.3,306.8
"16-AUG-1975",0,15.5,0.5,1.6,219.4,236.7,202.5,24.4,272.9,62.6
"16-SEP-1975",0.2,149.8,4.9,0,283,213.4,213,167.4,288.1,55.3
"16-OCT-1975",23.2,151.4,3.2,18.9,57.6,205.7,145.7,153.4,119.4,148.6
"16-NOV-1975",56.4,104.7,11.3,130,0,104.5,82.9,73.8,14.9,58.6
"16-DEC-1975",118.6,138.5,121.2,156.2,0,48.3,25.4,121.5,0,36.4
"16-JAN-1976",247.2,77.2,119.5,137.2,0,21.2,11.8,31.2,0,0.2
"15-FEB-1976",129.7,126.5,103.2,122.8,3.6,86.7,67.3,111.4,17.4,98.3
"16-MAR-1976",145.6,139.8,187,149.5,10.3,107.7,69.9,95,14.2,132.9
"16-APR-1976",36.6,210.9,67.2,71.7,102.8,175.6,190.2,126,95.5,184.9
"16-MAY-1976",14.3,102.2,14.7,71.3,150.7,200.1,142.9,117.2,169.4,101.9
"16-JUN-1976",0.1,11.6,2.2,0,177.3,122.3,74.3,11.4,223.4,317.5
"16-JUL-1976",0,5.9,0.7,0.5,184.3,223.4,163.3,17.6,223.4,62.2
"16-AUG-1976",0,56.1,1.8,0,242.5,230.5,155.2,71.4,286.1,18
"16-SEP-1976",0.2,76.9,1,19.8,179.8,143.3,130.7,117.7,236.3,60.8
"16-OCT-1976",37.5,102.5,2.9,109.5,200.1,141.2,114.8,92.5,262.4,96.3
"16-NOV-1976",79.5,135.3,13.7,89.1,0,123.3,148.3,109.2,24.1,40.6
"16-DEC-1976",140,115.3,87.2,130.6,0,72.4,42.6,86.3,0,5.8
"16-JAN-1977",132.7,134.3,185.9,148.8,0,51.8,62.6,123.1,0,38
"15-FEB-1977",323,121.3,105.4,43.9,1.5,68.2,27.8,60.6,0.4,10
"16-MAR-1977",271.8,164.3,82.4,133.3,3,133,125.8,130,2.5,35.7
"16-APR-1977",19.1,245.8,79.9,39.1,1.8,205.7,198.9,170,37.3,126.4
"16-MAY-1977",0.6,122.7,25.4,3.8,97.9,120.2,125,99.5,137,171
"16-JUN-1977",0,36.4,0,0,169.5,195,111.1,40.9,182.6,154.2
"16-JUL-1977",0,5.4,0.2,0,186,194.2,127.4,8,272.9,89.1
"16-AUG-1977",6.7,70.1,1,3.5,284,219.6,150,76.1,279.6,26.2
"16-SEP-1977",32.1,49.6,10.2,62.8,225.6,142.3,128.4,77.8,260.3,98.7
"16-OCT-1977",14,85,8.6,78.3,54.8,215.2,256.1,69.9,128.8,118.5
"16-NOV-1977",57.3,215.7,68.4,99,0,145.7,205,176.4,0.1,18
"16-DEC-1977",238.7,136.2,154,126.3,0,43.6,29.7,106.2,0,14.9
"16-JAN-1978",322.1,95,158.7,294.3,0,20.1,15.2,60.4,0,19
"15-FEB-1978",265.8,156.1,91,144.1,0.3,72.7,46,132,1.9,59.1
"16-MAR-1978",282.9,269.3,181.5,79,22.6,92.1,95.6,172.2,15.9,125.5
"16-APR-1978",61.6,178.6,69.6,41.8,168.1,145.7,161.6,151,233.9,266.5
"16-MAY-1978",2.1,88.1,8.6,3.2,180.5,83,71.3,64.2,158.5,223.7
"16-JUN-1978",0.3,18.9,0.4,0.6,194.4,149.8,88.7,14,203.7,201.9
"16-JUL-1978",1.5,4.8,0.1,0,244.2,152.9,111.6,3.7,291.5,133.5
"16-AUG-1978",0,36.9,0.7,11.7,300.3,226.7,200,53,323.7,32.4
"16-SEP-1978",0,71.9,0.2,30.8,211.7,183.9,207.3,81.7,269.8,121.5
"16-OCT-1978",91.7,137.6,5,51.7,118.2,229.3,246.1,114,177.5,194.7
"16-NOV-1978",76.2,158.8,65.2,54.4,0,93.2,134.4,117.7,14.1,42.9
"16-DEC-1978",165.1,132.5,207.2,66.9,0,44.3,34.2,110.5,0,14.7
"16-JAN-1979",162.2,141.4,165.6,79.6,0,122.2,106.4,125.4,0,1.8
"15-FEB-1979",71.7,139.7,227.4,53.1,0,116.5,98.2,126.7,2,25.3
"16-MAR-1979",78.4,148,201.1,61.8,18.2,73.7,50.1,96,68.6,54.2
"16-APR-1979",16.5,258.8,124.6,35.1,44.9,156.9,122,154.1,98.9,112.9
"16-MAY-1979",0.7,145,19.5,19.9,145.9,150.4,116.7,108.2,223.6,270.5
"16-JUN-1979",0,18,3.9,1,163.7,145.6,83.9,22.2,176.4,203.8
"16-JUL-1979",0.5,1.2,2.5,12.2,277.1,86.6,49.7,3.1,299.9,258.5
"16-AUG-1979",1,14.3,1.1,29.1,275,148.9,132.3,24,236.3,257.3
"16-SEP-1979",0,18.3,0.8,27.4,164.1,116.3,143.7,29.6,215,234.7
"16-OCT-1979",20.9,108.8,6.4,88.3,64.1,129.9,110.7,74.7,133.2,118.1
"16-NOV-1979",116.1,170.4,22.5,166,0,60.7,74.3,112.6,37.6,71
"16-DEC-1979",258.2,138,184.4,82.3,0,50.1,40.6,115.6,0,2.1
"16-JAN-1980",116,103.1,197.9,194.6,0,12.6,13.7,60.2,0,18.3
"15-FEB-1980",129.2,114.6,73,132.8,0.7,48.3,33.6,81.8,0.4,64.1
"16-MAR-1980",90.1,133.1,158.9,54.7,8.7,80.3,64.5,94.4,86,47.2
"16-APR-1980",18.7,161.7,102.6,23.9,28.1,140.9,123.3,124.6,90,88.2
"16-MAY-1980",2,189.2,12,2.4,175.7,211,151.1,129.1,175,206.1
"16-JUN-1980",0,17.5,0,0,160.8,162.3,94.5,21.1,201.9,193.5
"16-JUL-1980",0.1,1.2,0.2,0,253.4,96.1,64.9,1.1,278.9,82.6
"16-AUG-1980",0.1,6,1,0.3,279.4,116.2,109,20,247.3,300.9
"16-SEP-1980",24.6,118.5,0.3,64.3,147.7,165.5,111.6,124.3,298.4,263.4
"16-OCT-1980",70.3,120.2,9.2,25.3,94.3,136.6,142.8,91.3,163,135.6
"16-NOV-1980",87.1,181.3,33.3,148.4,0,142,188.6,122.6,9.8,75.2
"16-DEC-1980",199.7,124.4,144.8,86.4,0,35.2,23.9,75.7,0,0.2
"16-JAN-1981",175.9,115.7,112.5,147.4,0,40.4,23.8,61.7,0,6.4
"15-FEB-1981",322.2,110.2,105.6,143,0,30.3,18.3,58.5,0.1,8.6
"16-MAR-1981",142.8,198.1,148,75.9,0,118.7,149.5,144,2.2,65.9
"16-APR-1981",45.5,218.2,97.9,32.5,100.6,120.9,81.8,157.6,112.9,116.1
"16-MAY-1981",1.7,128.2,23.6,0.5,133.5,199.1,110.5,95.2,245.6,196.1
"16-JUN-1981",0,8.9,0.8,5.7,197,113.3,56.7,11.6,167.6,298.9
"16-JUL-1981",0,1.2,0.2,0,276,148.8,121.5,5.5,264.8,72.4
"16-AUG-1981",0,74.3,1.7,17.5,285.5,200,154,92,236.8,78.7
"16-SEP-1981",15.2,91.2,1.7,29.3,196.2,199.4,194,77.1,217.7,241.3
"16-OCT-1981",51.1,129.1,8.1,70.8,37.5,206.4,147.2,94.5,135.1,142.1
"16-NOV-1981",119.1,130.3,18.1,60.9,0,81.9,117.7,77.7,17,17.2
"16-DEC-1981",104.9,123.1,214.7,103.7,0,58.9,41.6,73.2,0,0.5
"16-JAN-1982",167.1,151.5,74.8,148.6,0,91.9,72.7,63,0,8.4
"15-FEB-1982",191,86.7,80.4,60.6,0,54.6,53.4,43.9,10.9,50.1
"16-MAR-1982",50.3,123.5,99.4,80.4,8,124.9,87.8,68.9,44.2,54.3
"16-APR-1982",43.2,216.6,87.6,44.5,111.4,182.3,176.9,171.6,99.6,155.7
"16-MAY-1982",14.1,146.6,22.5,0.1,94.5,170,140.4,111,136.5,168.8
"16-JUN-1982",0.3,15.9,1.9,0.6,135.3,186.3,80.5,16.1,156.1,276.6
"16-JUL-1982",2.8,0.9,1.9,15,283.8,185.7,129.5,2.1,292,153.8
"16-AUG-1982",0,4.5,1.1,0,239.5,191.8,108.6,5.4,313.8,4.7
"16-SEP-1982",2.1,82.6,3.8,11.9,158.6,182,126.3,80.1,301.4,40
"16-OCT-1982",72.8,166.2,31.9,72.6,61.1,270.5,273.8,111.4,107.7,112.9
"16-NOV-1982",37.2,232.3,74.3,33.5,0,153,196.5,152.9,4.9,30.4
"16-DEC-1982",131.3,162,232.1,125.4,0,55.1,50.9,92.3,0,5.3
"16-JAN-1983",142.9,78.7,125.5,84.3,0,9.2,5.4,28.5,0,0
"15-FEB-1983",68.7,137.7,94,49.9,0,8.3,6.1,77.2,0.1,2.2
"16-MAR-1983",69.6,156.5,167.3,40,25.5,59.5,39.4,83.7,3.1,36.3
"16-APR-1983",6.4,245.9,59.8,29.1,13,168.6,144.3,172.8,30.9,66.6
"16-MAY-1983",10.9,70.7,23.3,12.7,112.8,126.2,89.5,55.4,148.5,248.4
"16-JUN-1983",1,13.9,0.9,26.6,163.1,210.8,116.5,19.8,171.5,334.7
"16-JUL-1983",6.7,4,0.8,9.2,224.6,158.8,99.6,9.3,259.7,70.6
"16-AUG-1983",3.3,43.7,0.6,5.9,228,181.3,135,67.1,249.1,27.4
"16-SEP-1983",0,68,1,15.3,126.8,221.5,182.4,87.2,185.7,128.9
"16-OCT-1983",23.8,143.9,11.1,84.6,22.7,313.3,201.9,128,25.2,34.6
"16-NOV-1983",37,172.2,12.6,104.8,0,135.9,136.7,122.8,0.2,24.9
"16-DEC-1983",145.4,131.2,136.3,163.6,0,58.8,21,97.4,0,24.1
"16-JAN-1984",142.3,103.8,183.8,59.9,0,21.4,4.6,49.5,0,6.1
"15-FEB-1984",129.5,108.5,121.4,29.5,0,82,48.7,67.9,1.2,15.9
"16-MAR-1984",138.6,141.2,111.3,74.1,14.4,103.7,58.5,112.4,53.1,61.3
"16-APR-1984",12.3,156.5,87.6,10.3,54,155.4,136.6,134.2,129.6,97.1
"16-MAY-1984",21,49.5,9,3.6,154,110.5,71,27.3,133,157
"16-JUN-1984",0,1.6,1,13.3,119.3,110.7,79.2,1.8,132.7,167.1
"16-JUL-1984",1.5,22.5,1.7,13.6,268.9,210.3,123.2,31.6,244.1,104.4
"16-AUG-1984",0,39.8,1.2,5.2,226.9,202.5,163.9,46.4,203.9,154.4
"16-SEP-1984",7.3,54,1.5,13,215,131.8,127.3,52.4,185.5,277.1
"16-OCT-1984",13.3,111.3,13,71.5,94.7,194.1,159.7,116.5,110.9,167.7
"16-NOV-1984",98.4,158.7,57,83.9,0,175.8,216.4,130.7,9.5,29.9
"16-DEC-1984",171.4,110.5,182.7,57.3,0,57.7,51.1,75.5,0,3
"16-JAN-1985",354.7,96.4,97.5,148.1,0,59,56.8,64.1,0,12.1
"15-FEB-1985",152.5,113.4,198.7,64.4,0,14.1,7.7,49.1,0.6,14.9
"16-MAR-1985",241.3,161,91.5,65.7,87.6,162.3,138.9,121.6,168.9,61.2
"16-APR-1985",5,232,71.8,5.7,5.4,204.8,207,188,40.3,139.8
"16-MAY-1985",1.9,70.1,12.6,15.7,143.1,233.9,197.1,59.2,135.3,248
"16-JUN-1985",0,11.1,0.1,0,178.6,190.1,115.2,7.7,187.3,141.6
"16-JUL-1985",4.4,3,1,3.9,262.4,145.9,112.1,7.3,270.2,120.8
"16-AUG-1985",0,12.6,1.7,8.8,223.8,168.1,145.2,15.2,251.5,99.2
"16-SEP-1985",3.4,102.3,0.6,19.2,188.7,178.5,150.5,125.6,252.7,193.1
"16-OCT-1985",26.3,105.5,2.7,111.8,20.4,140.2,121.9,95.3,78.3,133.2
"16-NOV-1985",43.7,164.7,76.8,62.9,0,124.2,114.8,131.5,15.2,46.3
"16-DEC-1985",257.8,110.2,107.8,125.2,0,59.5,41,92.9,0,0.4
"16-JAN-1986",301.7,108.1,190.7,95.1,0,27.4,27,78.9,0,7
"15-FEB-1986",151.5,118.1,77.8,42.9,2,72.5,57.6,88.8,1.1,42.6
"16-MAR-1986",113.2,159.4,134.6,67.3,22.2,122.9,108.7,104,58.6,87.5
"16-APR-1986",98.4,290.2,63.2,40,30.2,214.5,174.6,174.8,72.2,83.4
"16-MAY-1986",0.1,93.8,22.6,0,89,115.5,102.5,82.3,105.2,130.8
"16-JUN-1986",0,12.1,0.1,20.1,136.9,210,98.1,18.7,179.2,199.7
"16-JUL-1986",0,3.2,0,0,281.8,154.8,91.2,1.7,258.7,92.7
"16-AUG-1986",0,7.3,1.3,21.3,222.4,142.8,117.6,10.1,263.4,10.1
"16-SEP-1986",0.5,53.1,3,7.7,232.4,181.3,156.9,53.4,254,127.8
"16-OCT-1986",56.6,109.1,7.2,131,40.8,175,136.8,109.9,133.5,223.2
"16-NOV-1986",72.3,161.6,39.4,106,0,191.3,222.2,101.4,13.8,22.9
"16-DEC-1986",153.3,102.6,208.6,171.3,0,53.2,52.3,96.4,0,0
"16-JAN-1987",137.4,112.3,192.4,136.4,0,25.5,23.6,70.9,0,1.2
"15-FEB-1987",62.7,104.2,137.5,80.2,1,104.4,47.7,84.7,0.7,47.8
"16-MAR-1987",62,133.6,123.1,150.3,28.8,207.5,108.6,106.4,29.8,108.1
"16-APR-1987",0,163.7,76.5,16.4,12.6,173.8,111.9,115.6,33.8,55.7
"16-MAY-1987",0.6,146.1,16.9,0,104.1,163.1,120.8,138.8,114.9,131.5
"16-JUN-1987",0,25.3,0,0,173.6,220.1,105,42.6,169.7,217.7
"16-JUL-1987",0,4.3,1.4,0.2,208.4,176.5,84.2,6.5,202.8,115.1
"16-AUG-1987",0,9.5,1.2,21.7,314.7,188.7,162,23.5,301.8,397
"16-SEP-1987",3.3,109.9,0.2,84.9,130.3,198.3,151.7,111.5,247.1,443.1
"16-OCT-1987",12,123.9,6.6,46.8,81.5,189.9,147.1,94.9,113.3,156.4
"16-NOV-1987",17.5,189.8,53.6,144.5,0,164.3,141.6,202.6,0.4,16.4
"16-DEC-1987",224.7,95.4,44.8,100,0,37.2,36,58.8,0,3.4
"16-JAN-1988",258.6,117.4,157.2,79.9,0,52.2,38.9,77.4,0,8.9
"15-FEB-1988",165.1,100.6,83.9,58.6,3.1,74.7,54,61,3.6,68.7
"16-MAR-1988",151,176.8,228.9,131.8,8.2,138.1,99.6,164.1,23.5,61.5
"16-APR-1988",36.9,201.9,48.4,44.5,111.8,168.7,159.2,171.2,97.7,138
"16-MAY-1988",0,91.5,7.7,2.7,118.5,194.3,126.7,103.3,165.9,169.5
"16-JUN-1988",4.7,13.3,2,11.1,154.7,193.3,88.2,18.9,171.1,359.8
"16-JUL-1988",0.5,10.2,0.1,2.6,181,199.6,113.4,20.9,250.2,288.8
"16-AUG-1988",0,75.4,4.4,1.6,325.7,265.2,171.4,86.7,253.5,96.5
"16-SEP-1988",0.3,83.2,5.2,58.1,238.9,212.5,214.9,109.6,342,273.8
"16-OCT-1988",60,143.5,4.9,72,35.1,177.8,162.2,99.3,134.3,161.7
"16-NOV-1988",70.8,168.9,26.6,46.9,0,177.7,131.5,116.4,0.1,30.2
"16-DEC-1988",125.5,112.7,146.9,103.3,0,74.1,38.1,57.7,0,49.4
"16-JAN-1989",211.5,123.9,194.9,95.5,0,43.4,4.1,51.8,0,0
"15-FEB-1989",291.6,100.3,92.6,182.6,0,48.7,41.4,46.6,0.1,0
"16-MAR-1989",70,151.2,156.9,30.2,2,183.9,122.5,99.1,4.5,102.5
"16-APR-1989",18.7,165.2,106.4,69.2,47.4,128.5,87,141.5,76.5,117.8
"16-MAY-1989",0.1,97,18,5,138.6,186.6,141.4,90.2,191.4,179.5
"16-JUN-1989",0.1,21.3,1.9,40,158.2,83.9,47.7,31.8,181.3,260.7
"16-JUL-1989",0,2.7,0.7,0,201.1,86.7,59.4,5.7,259.4,267
"16-AUG-1989",8.9,41.2,2,3.4,268.1,164.6,129.2,37.9,307.4,179.4
"16-SEP-1989",0,112.6,0.9,1.1,168.6,168.9,172.9,98.2,206.9,115.5
"16-OCT-1989",37.6,153.3,10.9,31.7,115.6,232.9,179.6,130.6,108.5,195.2
"16-NOV-1989",78.9,126.6,52.6,166.7,0,126.4,145.5,100.3,4.1,24.1
"16-DEC-1989",84.5,113.6,245.6,103,0,125.3,90.5,100.1,0,0.4
"16-JAN-1990",290.2,84,85.2,66.2,0,52.2,29.9,44.5,0,3.9
"15-FEB-1990",211.1,187.9,153.9,91.8,0,89.4,54.6,129.6,0.1,15.2
"16-MAR-1990",62.3,175.3,217,92.4,0.1,140.5,103.3,111.8,0.6,15.4
"16-APR-1990",88.7,160.7,111,114.2,38.7,151.1,107.7,134.1,135.8,157.3
"16-MAY-1990",0.4,113,9.3,11,169.2,108.5,76.4,67,181.6,117.8
"16-JUN-1990",0.3,7.1,0,0.3,144.9,111.3,61.1,1.8,176.3,213.1
"16-JUL-1990",0,4,0.1,1.2,228.3,102.6,50.2,0.5,291.8,343.1
"16-AUG-1990",0.2,14.6,1.4,0.7,234.8,197.4,146.1,25.3,271.4,22.7
"16-SEP-1990",0.3,72.9,1.4,5.6,190,176.4,163.1,92.8,219.6,161.4
"16-OCT-1990",28.8,110.1,6,48.4,46,184.8,195.3,94.7,137.2,119.2
"16-NOV-1990",95.9,163.6,34.4,38.1,0,109.2,116.7,124.9,23.8,49.1
"16-DEC-1990",136.8,120.4,67.8,96.5,0,106.2,91.4,120,0,51.2
"16-JAN-1991",137.9,109.4,199.8,161,0,44.2,27.9,72.7,0,15.6
"15-FEB-1991",138.6,139.4,79.4,98.7,0,49.2,33.3,78,6.7,26.7
"16-MAR-1991",96.6,145.5,136.7,142.9,19.6,142.8,87.4,120.9,22,87.1
"16-APR-1991",1.2,167.4,81.5,1.1,110.5,168.5,148,145.3,132.8,227.8
"16-MAY-1991",3.7,135.4,12.6,1.6,220.1,139,119.6,131.9,259.3,188.2
"16-JUN-1991",0,32.1,0.3,6.7,167.5,214.2,112,45.8,167.2,194.4
"16-JUL-1991",0,5,1.1,0,202.6,170.7,116.4,5.6,222.5,341.3
"16-AUG-1991",0,24,1.3,0.4,343.1,175.8,139.3,13.7,245,54.6
"16-SEP-1991",8.6,73.3,3.8,14.4,113.3,145.6,109.4,45.8,195.2,176.9
"16-OCT-1991",25.9,164.7,5.3,49.2,54.1,230.8,212,136.8,126.8,123.6
"16-NOV-1991",87.6,101.7,51.8,41.3,0,111,117.4,83.1,2.7,13.9
"16-DEC-1991",177.4,92.3,208.8,102.1,0,44.1,24.5,72.1,0,32.2
"16-JAN-1992",103.7,86,65.8,67.5,0,29.6,17,41.8,0,0
"15-FEB-1992",22.8,87.1,155.9,88,0.2,48.1,23,38.2,0.2,0.1
"16-MAR-1992",126.5,134,99.5,24.5,14.1,121.7,66.8,111,67.5,24.8
"16-APR-1992",43.3,143.4,62.9,24,114.5,184.1,156.1,123.2,83.7,109.3
"16-MAY-1992",3.8,136.8,22,1.5,134.2,154.9,126.5,74.5,222.6,209.8
"16-JUN-1992",1,24.8,0.3,5.8,128.5,211.9,124.8,53.2,177.5,229.1
"16-JUL-1992",0,1.4,0.2,0,236.4,140.4,94,2.9,246.4,134.8
"16-AUG-1992",0,5.7,0.5,14.7,265.3,172.3,137.3,14.7,295.8,30.8
"16-SEP-1992",0,66.3,0.6,10.4,249.8,150,113.3,122.5,257.6,215.8
"16-OCT-1992",0.6,168,4.6,17.5,52,207.7,219.4,143.5,121.7,141.4
"16-NOV-1992",63.5,146.7,49.2,126.2,0,116.2,122.7,97.7,16.5,48.8
"16-DEC-1992",170,115.9,131.3,129.3,0,74.4,77.9,103.3,0,3.8
"16-JAN-1993",188,133.9,156.6,101.4,0,43.6,35.9,90.4,0,0
"15-FEB-1993",218,109.1,135.5,67.9,0,83.8,67,61.6,0.4,56.7
"16-MAR-1993",118.6,157.3,136.6,90.9,14,123.3,85,127.1,67.6,92.4
"16-APR-1993",57,147.8,90.5,27.8,40.6,136.2,126.7,113.7,129.6,133.7
"16-MAY-1993",0,153.6,9.5,2.4,135.7,213.1,184.1,144.1,148.6,227.8
"16-JUN-1993",0.2,18.4,0.3,0.1,213.4,193.7,121,30.2,200.6,212
"16-JUL-1993",2.1,0.1,0.4,0,264.6,98.2,55,0,257,123.2
"16-AUG-1993",1,32.4,0.8,5.4,273.5,196.3,161.9,53.9,311.6,35.8
"16-SEP-1993",3.6,30.8,0.1,35.6,198,158,132.6,28.4,229.3,167.6
"16-OCT-1993",14,67.7,1,172.4,48.1,167.2,142.5,72.1,115.8,133
"16-NOV-1993",132.8,135,15.4,92.2,0,117.6,121.9,103.2,11.2,58.3
"16-DEC-1993",120.3,107.3,37.6,100.4,0,70.6,59.3,95.8,0,24.1
"16-JAN-1994",244.3,112.1,170.1,126,0,53.6,36.5,95.9,0,13.7
"15-FEB-1994",115,95,178.6,139.7,0,26.2,17.9,55.4,0.7,27.3
"16-MAR-1994",38.3,184.3,136.3,67.3,1.9,116.6,86.9,171.9,4.1,80
"16-APR-1994",18.6,161.1,36.7,24.7,109.7,187.8,194.1,138.3,123.4,114.1
"16-MAY-1994",2,103.7,8.3,0,98.2,260.6,186.1,123.1,151.8,147.7
"16-JUN-1994",0,17.1,0.1,0,147.9,163,104.5,18.8,230.4,202.3
"16-JUL-1994",0,10.1,0.5,0.2,159.9,155,98.5,8.1,203.7,91.6
"16-AUG-1994",1.5,26.7,1.6,1.2,336.4,242.3,202.5,38.2,291.9,71.2
"16-SEP-1994",2.4,66,0.7,8.9,235.1,128.1,108.7,73.9,302.9,192.5
"16-OCT-1994",107.4,126,7.4,92.5,146,201.9,182.7,102.2,148.4,242.3
"16-NOV-1994",18.5,215.2,12.5,58.2,0,152.8,218.8,139.4,5.7,48.4
"16-DEC-1994",174.7,138.9,99.4,160.4,0,53.7,39,103,0,13.8
"16-JAN-1995",142.3,92,177.6,91.2,0,30,11.8,55.8,0,0.1
"15-FEB-1995",72.6,106,129.4,58.1,0.3,58.1,27.6,76.7,0.2,36.8
"16-MAR-1995",16.8,156.5,196.1,144.5,7,113.8,89.4,112.6,136.2,157.9
"16-APR-1995",8.3,180.3,57.5,66.1,67.7,168.8,170.3,165.4,88.5,191.4
"16-MAY-1995",4.1,151.1,21.4,7.5,107.4,196.1,141.1,122.1,142.8,158.8
"16-JUN-1995",0.3,53,0,0,188.3,169.6,105.1,70.9,223.1,209.9
"16-JUL-1995",0.5,1.9,0,0,194.6,120.8,97,3.5,269.1,180.3
"16-AUG-1995",5,1.9,5.7,5.7,263.2,137.9,110,4.3,258.2,158.6
"16-SEP-1995",3,68.9,7,6.3,209,160.2,154.4,85.4,200.2,130.1
"16-OCT-1995",30.2,164.5,8.6,102.6,48,187.3,156.3,127.6,224.6,156.3
"16-NOV-1995",54.8,151.2,0.1,166.9,0,112.5,146.5,121.1,9.6,24.8
"16-DEC-1995",186.4,95,111.1,178,0,51.1,44.6,74.5,0,24.8
"16-JAN-1996",289.9,113.1,141.2,178,0,78.6,76.2,80.1,0,7
"15-FEB-1996",185.6,133.1,208.3,192.2,0.7,65.5,48.5,100.1,1.5,86.1
"16-MAR-1996",76.3,151.2,174.1,46.2,14.6,139.4,112.2,115.6,106.1,77.5
"16-APR-1996",27.7,125.6,89.1,73.9,47.2,123.9,106.7,115.6,140.7,152.1
"16-MAY-1996",0.2,76.2,13.7,24.6,141.5,156,114.4,45.5,203.7,151.9
"16-JUN-1996",0.4,28.1,0.1,1,191.7,170.8,110.5,37.4,233.8,202.8
"16-JUL-1996",0.4,7.7,0.8,0.7,276.7,116.6,75.3,18.1,211.8,286.5
"16-AUG-1996",0,42.9,0.3,14.5,307.8,175.8,145.4,70.5,304,154.1
"16-SEP-1996",2.3,86.4,1.6,2.5,267.7,159,152.6,104.2,289.7,87.3
"16-OCT-1996",5.4,99.7,1.9,78.5,95.3,253.4,258.7,96.7,210.1,117.6
"16-NOV-1996",113.2,158.4,3.9,72.7,0,130.1,159,125.3,0.1,13.1
"16-DEC-1996",149,98,86.5,95.7,0,46.9,31,81.6,0,1.2
"16-JAN-1997",419,197.6,70.3,126.5,0,89.1,84,117.3,0,20.1
"15-FEB-1997",178.7,17.4,118,50.4,0,21.2,0.1,14,0.1,1.1
"16-MAR-1997",161.2,117.5,128,205.9,15.4,120.1,82.1,79.7,8.4,104.5
"16-APR-1997",86.6,191.4,99.4,48.7,123,195.4,192.1,171.9,184.1,156.8
"16-MAY-1997",1.9,139.6,10.9,68.8,146.6,152.4,97,120.2,219.3,190.5
"16-JUN-1997",0.3,20,2.1,2.3,200.5,137.9,70,31.3,278.6,393.5
"16-JUL-1997",1.6,3.3,1.9,4,194.2,129.6,78.4,9.3,219.7,119.3
"16-AUG-1997",0,14.9,0.6,5.5,257.3,148,97.5,24.1,266.7,89.2
"16-SEP-1997",17.8,20,0.3,44.5,258.4,108.8,72.1,23.8,266.2,187.7
"16-OCT-1997",30.2,216.9,14.1,30,99.5,195.2,215.1,127.4,205.9,278.5
"16-NOV-1997",111.7,192.4,90.4,97.4,0,181.1,265.1,141.6,17.1,48.8
"16-DEC-1997",66.6,170.9,292.2,108.5,0,114.5,105.2,143.6,0,45.6
"16-JAN-1998",304.4,205.8,224.9,152.6,0,106.2,99.7,138.2,0,25.6
"15-FEB-1998",90.8,145.8,174.3,96.1,0.7,59.6,34.2,106.4,0.8,24.4
"16-MAR-1998",132.3,198.2,124.6,38.5,20.9,134.3,85.4,134.6,15.1,35.9
"16-APR-1998",5.6,132.4,124,7.5,73.8,152.6,136.8,101.9,71.2,94.4
"16-MAY-1998",0.1,150.4,10.1,0,148.1,180.5,126.8,129.5,196.7,185
"16-JUN-1998",0.1,14.2,0.2,0,177.5,140.7,75.5,20.3,128.6,233
"16-JUL-1998",0.2,3.6,0.2,0,213.1,145.1,100.5,6.6,233.4,108.6
"16-AUG-1998",0,15,1.1,0,292.5,133.7,85.4,30.9,246.2,71.7
"16-SEP-1998",0.9,72.9,1.9,29.9,205.2,148.5,124.4,74.5,334,143.6
"16-OCT-1998",8.3,154.9,1.3,62.6,96.1,217.4,214.6,133.2,109.8,210.9
"16-NOV-1998",138.5,117.4,6.9,181.2,0,114.1,128.5,85.2,21.5,48.9
"16-DEC-1998",215.8,90.8,20.3,123.7,0,37.9,21.2,58.6,0,4.7
"16-JAN-1999",290.7,153.6,156.9,87.2,0,45.4,40.2,92.6,0,22.9
"15-FEB-1999",254.2,34.2,76.7,47.8,1.1,41.9,16.8,20.3,18,50.4
"16-MAR-1999",112.9,201.6,208.8,63.4,2.7,146.3,132.4,130.6,17.5,75.5
"16-APR-1999",9.2,116.8,97,34.8,29.5,126.1,97.6,71.5,52.6,153.6
"16-MAY-1999",0.5,48.2,11.1,27.7,100.7,140.7,101,46.2,89.9,113.9
"16-JUN-1999",0.1,0.5,3.5,4.2,179.8,115.4,53.3,1.3,144.9,222.4
"16-JUL-1999",1,0.1,0.6,0.3,212.4,108,57.4,0.4,225.4,321.6
"16-AUG-1999",5.1,89.8,2.3,1,296.1,214.4,173.7,73.4,283.5,160.7
"16-SEP-1999",3.6,74.3,3.9,13,269,162.4,149,72.3,283.8,162.9
"16-OCT-1999",31.6,120.5,1.7,15.9,163.2,217.4,228.3,97.9,264.8,207.3
"16-NOV-1999",120,208,13.7,41.9,0,112.2,135.7,132.4,12,47.6
"16-DEC-1999",106,114.6,88.7,133.6,0,61.1,43,92.2,0,8.3
"16-JAN-2000",227.6,82.6,83.1,141.3,0,26.1,15.8,58,0,3.5
"15-FEB-2000",266,81,71,209.4,0,35,13.7,52.3,0.1,3.7
"16-MAR-2000",153.2,192.2,142.4,150.9,3.4,84.9,55.2,119.2,5.2,55.5
"16-APR-2000",68.6,128.9,59.6,41.1,16.5,137.5,130.2,116.3,55.2,120.6
"16-MAY-2000",15,99.8,20.4,26.7,164.6,132.6,89.1,78.3,135.1,123.2
"16-JUN-2000",3.7,4,0.8,6.4,216.7,122.9,85.9,6.9,216.1,233.2
"16-JUL-2000",1.3,1.5,0.3,2.8,249.9,124.4,74.6,2.9,235.4,160.6
"16-AUG-2000",0.1,8.7,3.6,1.6,300.5,165.9,124.6,15.7,272.1,115.2
"16-SEP-2000",1,33,0.7,31.6,235.6,129.8,138.8,56.9,216.5,222.2
"16-OCT-2000",30,126.5,1.8,108.9,105.5,199,290.2,123.4,195,131.7
"16-NOV-2000",164.5,201.5,68.7,142.4,0,129.4,129.5,135.9,3.4,13.6
"16-DEC-2000",162.3,147.1,227.3,145.2,0,56.5,37.5,115.2,0,3.1
"16-JAN-2001",110.4,212.7,208.2,54.6,0,44.8,30.6,143.7,0,11
"15-FEB-2001",324.5,92.5,99.7,91.2,1,65.8,41.9,68,4,5.6
"16-MAR-2001",237.2,241.3,84.1,64.7,14.3,126.4,87.7,142.3,36.1,34.6
"16-APR-2001",17.8,112.5,64.8,70.7,85.3,165.3,149.8,90.4,110,150.3
"16-MAY-2001",4.6,84.5,10,47.4,141.3,158.8,114.9,60.8,141.8,184
"16-JUN-2001",0.4,15.6,0.8,4.2,163.8,151.3,88.6,5.9,172.3,231.2
"16-JUL-2001",4.9,20.4,0.3,0.4,253.7,146.3,97.3,37.7,239.2,77.1
"16-AUG-2001",0.3,79.3,0.3,11.4,276.2,185.5,137.1,56.5,254.6,50.7
"16-SEP-2001",1.1,117.8,5.4,48.6,222.4,170.6,149.4,117.1,261.3,208.2
"16-OCT-2001",13.2,142.1,2.8,110.1,59,196.8,193.9,119.7,216.3,64.5
"16-NOV-2001",149,197.7,8,145,0,130.2,153.3,178.8,12,12
"16-DEC-2001",244.6,120.2,151,152.9,0,57.6,37.5,95.4,0,2.6
"16-JAN-2002",77,209.6,209.3,98.3,0,44.7,31.1,129.5,0,42.4
"15-FEB-2002",56.8,106.5,107.9,71.7,1,66.2,47.2,87.3,4.6,1.2
"16-MAR-2002",54.9,166.5,207.1,47.9,14.3,128.1,113.9,121.5,34.5,75.1
"16-APR-2002",90.8,177.6,58.5,25,57.7,165,146,126.5,110.5,137.2
"16-MAY-2002",0.2,110.5,3.9,56.5,116.9,158.6,107.1,115.3,151.8,112.3
"16-JUN-2002",4,1.8,1,9.8,158.3,151.7,93.9,2.6,172.3,339.4
"16-JUL-2002",0.4,0.2,0.2,0,251,145.9,95.9,0.4,242.3,194.5
"16-AUG-2002",0.4,6.4,1.7,28.6,251,185.8,142.5,9.9,276.6,114.5
"16-SEP-2002",7.3,23.1,3.4,5.2,228.3,171.2,165.4,28.1,336.6,99.3
"16-OCT-2002",62.1,103.5,8,47.8,71.9,198,217.3,90.2,136,235.1
"16-NOV-2002",74.2,184,26.9,24.2,0,130.3,158.8,129.7,11.1,31.9
"16-DEC-2002",115.8,147.9,131.5,138.3,0,59.8,70.6,129.1,0,0.7
"16-JAN-2003",146.7,123.9,156,123.1,0,45.4,40.1,73.4,0,54.3
"15-FEB-2003",158.3,92.9,91.3,95.8,1,66.8,56.2,55.4,4,37.4
"16-MAR-2003",227.5,171.2,85.9,63.9,14.3,127,104.9,125.9,35.9,33.3
"16-APR-2003",7.9,195.3,47.6,8.3,70,164.7,141.7,142.8,165.7,189.7
"16-MAY-2003",10.5,162.6,29.5,1.2,167.3,159.4,124.8,123.4,155.6,119
"16-JUN-2003",3.6,5.2,0.2,8.1,207.1,150.7,80.6,8.1,196.1,267.5
"16-JUL-2003",0.5,1.4,0,3,252.4,146.1,95.9,3.1,259.6,144.7
"16-AUG-2003",0,35.7,1,3.1,278.6,186.6,157.2,45.7,273.5,137.8
"16-SEP-2003",3.2,103.1,3.6,7.5,216.8,171.8,171.1,106,254.1,268.6
"16-OCT-2003",56.2,174.8,15.8,67.8,63.4,195.5,166.9,124.2,135.4,218.1
"16-NOV-2003",79.2,122.7,5,53.4,0,129.9,149.4,87.9,11,81.6
"16-DEC-2003",111,99.2,120.1,55.3,0,58.3,47.8,74,0,6.7
"16-JAN-2004",211.5,145.5,135.3,113.7,0,46.6,61.2,92,0,40.3
"15-FEB-2004",170,72.4,187.5,157.1,1,65.5,38.1,49.5,3.7,25.9
"16-MAR-2004",218.4,73.7,135.7,104.8,14.3,126.9,96.3,58.3,32.9,24.8
"16-APR-2004",35.6,85.6,115.6,49.8,57.4,166,165.8,72.4,106.4,142
"16-MAY-2004",0.3,34.4,0.1,8.3,160.1,158.2,106.3,33.1,152.7,231.7
"16-JUN-2004",0.2,3.7,0.5,1.5,171.9,151,86.2,4.4,157.1,202.3
"16-JUL-2004",1.4,1.6,0,0.7,228.4,145.7,93.2,2.6,258,198.7
"16-AUG-2004",0.2,28.7,0.7,1.9,258.2,187.6,170.2,38,274,100.8
"16-SEP-2004",2.2,86.6,8.7,4.7,203.7,169.7,135.8,88,248.8,305.3
"16-OCT-2004",82.9,90.2,11.5,35.7,66.1,195.8,175.4,72.4,76.1,224.2
"16-NOV-2004",63.5,135.6,43.3,58.1,0,131.1,175.5,101.9,12,47.1
"16-DEC-2004",207,132.5,161.4,167.8,0,57.6,36.7,99.3,0,2.7
"16-JAN-2005",172.8,205.9,157.8,146.7,0,44.7,29.9,120.8,0,3.7
"15-FEB-2005",108.1,71.5,143.1,63.7,1,65.5,37.9,59.1,9,45
"16-MAR-2005",80.3,166.6,129.8,70.2,14.3,126.5,90.2,130.5,1,131.4
"16-APR-2005",17,63.6,54.6,75.3,71.6,165,147.9,51.9,110,85.4
"16-MAY-2005",0.8,116.5,9.5,3.7,134.7,159.1,118.7,76.2,177.2,175.3
"16-JUN-2005",1.3,10.6,0.2,0.5,211.6,150.8,84,8.3,190,221.4
"16-JUL-2005",2.3,0.2,0.3,0,243.7,145.6,91,0.2,156.7,164.9
"16-AUG-2005",0,27.7,0.7,0.1,248.3,185.1,131.9,49.7,221.1,85.9
"16-SEP-2005",1.7,71.2,1.3,0.9,223.4,170.5,150.6,107,275.7,142
"16-OCT-2005",2.1,95.6,2.8,24.4,64.9,195.7,175.8,91.3,132.4,114.9
"16-NOV-2005",88,103.8,11,63.4,0,129.2,132.7,53,12,33.8
"16-DEC-2005",281.1,110.2,49.8,65.4,0,57.5,35.8,53,0,2.9
"16-JAN-2006",190.1,95.4,72.1,167.1,0,44.7,29.6,60.9,0,32.1
"15-FEB-2006",201.1,130.8,103.6,154.7,1,65.7,41.1,89.1,6,13.9
"16-MAR-2006",165.4,151.7,116.6,84.1,14.3,128.8,123.8,114.3,11.4,70.9
"16-APR-2006",15.9,175.8,101.9,44.6,57.4,165.7,158.6,116.2,10.7,94.1
"16-MAY-2006",7.3,185.4,21.4,5.1,129.2,159.4,122.9,140.7,157,237.7
"16-JUN-2006",2.7,3.3,0.5,1.6,158.4,150.5,79.4,7,190,211.1
"16-JUL-2006",0.1,15.4,1.3,0,220.1,145.2,86.4,12,254.8,116.3
"16-AUG-2006",0.1,18.8,1.5,17.5,276,187.6,166.8,36.3,274,81.9
"16-SEP-2006",0,82.8,5.3,1,238.9,171.4,163.6,72.7,246.9,258.9
"16-OCT-2006",53,86.4,7.3,26.8,96.3,195.6,171.9,90.8,138.2,152.5
"16-NOV-2006",118,273.5,57.3,89.1,0,129.7,147.4,214,12,64.9
"16-DEC-2006",158,153.8,267.5,131.3,0,59.1,57.8,151.5,0,0.2
"16-JAN-2007",209.2,116.3,185.4,45.8,0,44.6,28.5,85.5,0,0.2
"15-FEB-2007",118.1,123.3,134.9,14.8,1,65.4,38.1,115.1,4,23.9
"16-MAR-2007",94,113.5,115.8,22.7,14.3,126.2,85.1,71.5,5.2,58.2
"16-APR-2007",35.4,153.9,43.3,32.2,67.6,165.4,152.6,129.5,109.2,106.3
"16-MAY-2007",1.1,135.2,7.3,0,142.8,159.2,120.6,112.8,157,244.2
"16-JUN-2007",1.2,36.6,0.5,18.6,170.7,151.2,86.6,29,203.3,287.2
"16-JUL-2007",0,23.6,0.5,0.4,230.5,146.7,116.5,46.9,258,264.1
"16-AUG-2007",3.7,10.6,6.7,0.1,268.9,185.8,142.3,31.1,282.6,125.4
"16-SEP-2007",8.2,112.7,1.1,46,201.4,171.8,173,161.7,263.7,241.7
"16-OCT-2007",18.5,108.2,9.6,130.8,59,195.5,170.3,90.3,136,201.4
"16-NOV-2007",167.1,192.8,10.1,64.3,0,130.3,157,125.7,12,61.6
"16-DEC-2007",233.9,170.8,132.1,110.2,0,57.4,35,99,0,23.7
"16-JAN-2008",278.4,162.4,110.3,157.4,0,46.1,51.3,75.2,0,4.8
"15-FEB-2008",39.5,155.8,181.5,31.1,1,65.4,36.6,79.7,4,32.1
"16-MAR-2008",64.6,170.6,161.3,54.7,14.3,126.1,83.8,117.3,37,75.9
"16-APR-2008",7.5,147.8,55.5,14.2,43.1,164.6,140.1,122.1,62.4,81.9
"16-MAY-2008",4.3,47,9.1,26.4,132.6,158.7,112.2,55.4,59.1,219.1
"16-JUN-2008",0.1,33.4,0.1,8.6,143.1,151.5,89.9,25.8,181.8,338
"16-JUL-2008",0.3,2.1,0.2,0.9,389.7,145.7,91.9,4,258,309.2
"16-AUG-2008",4.2,6.5,0.3,0.5,259.6,185.6,138.7,10,285.8,109
"16-SEP-2008",2.8,70.8,0.4,0.1,213.7,173.1,197,120.4,202.7,242
"16-OCT-2008",7.5,124.5,7.5,35.4,79.2,197.3,197.2,119.9,136.3,149
"16-NOV-2008",111.9,162.8,40.4,133.7,0,130.4,158.8,121.5,1.1,40.5
"16-DEC-2008",121.7,89.4,109.9,94.8,0,57.4,35,71.5,0,33
"16-JAN-2009",177.8,104.6,87.1,129.7,0,45,35,87.6,0,22.6
"15-FEB-2009",121.8,162.5,150,112.6,1,67.3,60.3,102.4,4,34.7
"16-MAR-2009",143.8,200,157.7,55.8,14.3,126.1,83.8,112.7,34.9,53
"16-APR-2009",10.2,191,26.5,6.5,57.5,165,147,147.7,110,175
"16-MAY-2009",24.3,77.6,5.6,20,155,158.1,103.9,84.8,157,163.5
"16-JUN-2009",0.2,41.7,0.2,28.6,164.1,150,74.4,24.4,190,332.2
"16-JUL-2009",1.6,1.8,0.1,6.4,271,145.8,93.8,5.9,202.3,191.2
"16-AUG-2009",1.4,9,0.4,4.8,430.8,185.7,141.4,22.8,248.9,77
"16-SEP-2009",0.6,56.6,1.3,34.5,228.6,171.4,165.9,103,177.6,103.6
"16-OCT-2009",14.6,110.4,1.3,82.9,61.8,195.3,167,132.8,99.3,211.9
"16-NOV-2009",122,166.1,52.4,118.7,0,130.5,160.6,115.1,14.5,83.6
"16-DEC-2009",178.3,130.6,202,109,0,58.6,52.2,93.7,0,3.7
"16-JAN-2010",164.1,148,129.7,161.2,0,45,35.7,112.1,0,11.8
"15-FEB-2010",158,237.8,118.3,86.3,1,66.8,56.6,205,3.8,30.4
"16-MAR-2010",94.9,205.4,97.7,67,2.4,126.6,92,139.7,19.2,97.8
"16-APR-2010",67.5,127.9,44.6,75.6,107.7,165.1,148.1,122.4,77.9,97
"16-MAY-2010",10.3,184,7.6,49.3,133.8,158.7,113.3,111.4,94.1,164.5
"16-JUN-2010",0.1,30.5,0.9,0.5,142.5,151.3,88.6,45.6,254.7,250.6
"16-JUL-2010",0.3,3.5,0.1,0,258,146.7,104.3,6.8,256.3,196.3
"16-AUG-2010",0.4,9.8,1.2,0,270.3,185,130.6,25.5,197.3,145.5
"16-SEP-2010",1,74.8,0.4,0.3,204.2,170.7,153,74.4,228.1,326.2
"16-OCT-2010",15.9,121.6,0.5,18.7,112.8,196.2,182,104,277.9,204.4
"16-NOV-2010",117.4,127.2,23.1,96.2,0,129.5,140.3,105,1.1,124.6
"16-DEC-2010",167.5,88,133.2,123.3,0,58.6,52.2,74.6,0,8.3
